
[High Premium Options List]
Symbol,LTP,Benefit,Strength,Risk,Trading,IV,Volatility%,expiry,days,strike,bid_itm,gain_itm,return_itm,benefit_per_itm,Put Premium,Net,Net%
HTZ,2.07,1,S,HIGH-RISK,AVOID,HIGH,13.45,2026-08-21,2,2,0.13,0.05499999999999983,2.65,6,0.02,0.03499999999999982,2.0
TLRY,4.62,0.5,M,HIGH-RISK,AVOID,HIGH,4.75,2026-08-21,2,4.5,0.19,0.07100000000000023,1.54,4,0.04,0.03100000000000023,1.0
HTZ,2.07,0.11,S,HIGH-RISK,AVOID,HIGH,13.45,2026-08-28,9,2,0.18,0.10499999999999982,5.06,9,0.08,0.024999999999999814,1.0

[All Premium Options List]
symbol,ltp,Benefit,days,strike,bid,gain,return,Put Premium,Net,Net%
HTZ,2.075,1,2,2,0.13,0.054999999999999716,2.65,0.02,0.03499999999999971,2.0
TLRY,4.619,0.5,2,4.5,0.19,0.07100000000000062,1.54,0.04,0.031000000000000617,1.0
HTZ,2.075,0.11,9,2,0.18,0.10499999999999998,5.06,0.08,0.02499999999999998,1.0

[Covered Call with Protective Options List]
Symbol,days,Benefit,Strength,ltp,Call Strike,Call Premium,Put Strike,Put Premium,gain,Net,Net%
WYFI,2,1,M,21.014999389648438,20,1.6,17.5,0.15,0.5850006103515639,0.4350006103515639,2.0
SOC,2,0.5,M,4.994999885559082,5,0.19,4.5,0.15,0.1900000000000004,0.040000000000000396,1.0
LWLG,30,0.2,M,6.099999904632568,6,0.75,5,0.3,0.6500000953674316,0.35000009536743165,6.0
LPTH,30,0.2,M,12.832300186157227,12.5,1.65,10,0.6,1.3176998138427738,0.7176998138427738,6.0
SPCE,16,0.19,M,3.0950000286102295,3,0.24,2.5,0.06,0.14499997138977072,0.08499997138977072,3.0
SOC,23,0.17,M,4.994999885559082,5,0.47,4,0.25,0.46999999999999975,0.21999999999999975,4.0
CLPT,30,0.17,M,15.539999961853027,15,1.65,12.5,0.4,1.1100000381469712,0.7100000381469712,5.0
ODD,30,0.17,M,12.449999809265137,12.5,1.4,10,0.8,1.4000000000000004,0.6000000000000003,5.0
HTZ,37,0.16,S,2.065000057220459,2,0.25,1.5,0.06,0.18499994277954102,0.12499994277954102,6.0
ENVX,58,0.14,S,3.265000104904175,3,0.62,2,0.08,0.3549998950958253,0.2749998950958253,8.0
SOC,58,0.14,M,4.994999885559082,5,0.94,4,0.52,0.9399999999999995,0.4199999999999995,8.0
SPCE,23,0.13,M,3.0950000286102295,3,0.27,2.5,0.09,0.17499997138977053,0.08499997138977053,3.0
UAMY,23,0.13,M,5.230000019073486,5,0.65,4.5,0.25,0.419999980926514,0.16999998092651403,3.0
SOC,30,0.13,M,4.994999885559082,5,0.54,4,0.36,0.54,0.18000000000000005,4.0
UAMY,149,0.13,M,5.230000019073486,5,1.45,2.5,0.15,1.2199999809265138,1.069999980926514,20.0
ARRY,30,0.13,S,4.764999866485596,5,0.3,4,0.1,0.2999999999999998,0.19999999999999982,4.0
SPCE,30,0.13,M,3.0950000286102295,3,0.32,2.5,0.1,0.22499997138977035,0.12499997138977034,4.0
CEVA,30,0.13,M,29.44499969482422,30,2.3,25,1.05,2.299999999999997,1.2499999999999971,4.0
TITN,30,0.13,M,17.627700805664062,17.5,1.3,15,0.55,1.1722991943359382,0.6222991943359382,4.0
ENVX,93,0.13,S,3.265000104904175,3,0.8,2,0.15,0.534999895095825,0.384999895095825,12.0
MRAM,30,0.13,S,17.5,17.5,1.75,15,1.05,1.75,0.7,4.0
DNA,30,0.13,S,7.380000114440918,7,0.95,6,0.3,0.5699998855590822,0.2699998855590822,4.0
METC,30,0.13,M,11.390000343322754,11,1.3,10,0.5,0.9099996566772468,0.4099996566772468,4.0
VELO,30,0.13,S,13.34000015258789,12.5,1.9,10,0.5,1.0599998474121097,0.5599998474121097,4.0
SGMT,30,0.13,S,10.359999656677246,10,1.05,7.5,0.25,0.6900003433227546,0.4400003433227546,4.0
SG,16,0.12,M,6.465000152587891,6.5,0.4,6,0.3,0.40000000000000036,0.10000000000000037,2.0
SGMT,58,0.12,S,10.359999656677246,10,1.35,7.5,0.3,0.9900003433227536,0.6900003433227535,7.000000000000001
HTZ,44,0.11,S,2.065000057220459,2,0.29,1.5,0.12,0.22499994277954105,0.10499994277954106,5.0
CSIQ,9,0.11,M,15.640000343322754,15.5,1,15,0.7,0.8599996566772461,0.15999965667724614,1.0
BTBT,93,0.11,S,1.5399999618530273,1.5,0.33,1,0.13,0.2900000381469727,0.16000003814697272,10.0
SG,9,0.11,M,6.465000152587891,6.5,0.25,6,0.2,0.25,0.04999999999999999,1.0
SOC,9,0.11,M,4.994999885559082,5,0.32,4.5,0.25,0.3200000000000003,0.07000000000000028,1.0
UAMY,37,0.11,M,5.230000019073486,5,0.8,4.5,0.35,0.5699999809265135,0.21999998092651352,4.0
ADUR,30,0.1,S,15.25,15,1.55,12.5,0.8,1.3000000000000007,0.5000000000000007,3.0
PRME,149,0.1,S,3.255000114440918,3,1.1,2,0.35,0.8449998855590817,0.4949998855590817,15.0
WTI,30,0.1,M,4.090000152587891,4,0.35,3.5,0.15,0.259999847412109,0.10999984741210903,3.0
VPG,30,0.1,M,62.0099983215332,60,6.8,55,2.7,4.790001678466794,2.090001678466794,3.0
ASPI,58,0.1,S,3.930000066757202,4,0.5,3,0.25,0.5,0.25,6.0
HTZ,212,0.1,S,2.065000057220459,2,0.74,1,0.24,0.6749999427795412,0.43499994277954124,21.0
GRPN,30,0.1,S,19.280000686645508,19,1.65,18,0.85,1.3699993133544908,0.5199993133544908,3.0
SHOE,30,0.1,,15.149999618530273,15,1.05,12.5,0.4,0.9000003814697273,0.5000003814697273,3.0
SG,30,0.1,M,6.465000152587891,6,0.8,5,0.15,0.3349998474121092,0.1849998474121092,3.0
CCOI,58,0.1,M,9.949999809265137,10,1.45,7.5,0.85,1.4499999999999993,0.5999999999999993,6.0
SATL,30,0.1,S,5.230000019073486,5,0.55,4,0.15,0.3199999809265135,0.1699999809265135,3.0
ENVX,149,0.1,S,3.265000104904175,3,0.95,2,0.2,0.6849998950958254,0.48499989509582536,15.0
BBW,30,0.1,F,36.849998474121094,35,4.5,32.5,1.4,2.6500015258789062,1.2500015258789063,3.0
HTZ,121,0.1,S,2.065000057220459,2,0.59,1.5,0.27,0.5249999427795409,0.25499994277954086,12.0
TIGR,58,0.09,M,4.945000171661377,5,0.41,4,0.16,0.41000000000000014,0.2500000000000001,5.0
SPCE,58,0.09,M,3.0950000286102295,3,0.45,2.5,0.2,0.3549999713897707,0.15499997138977067,5.0
NNE,58,0.09,M,18.514999389648438,19,2.1,15,1.1,2.1000000000000014,1.0000000000000013,5.0
HIVE,23,0.09,S,3,3,0.2,2.5,0.15,0.20000000000000018,0.05000000000000018,2.0
SG,23,0.09,M,6.465000152587891,6.5,0.45,6,0.35,0.4500000000000002,0.1000000000000002,2.0
HIVE,121,0.08,S,3,3,0.55,2,0.25,0.5499999999999998,0.2999999999999998,10.0
BTBT,149,0.08,S,1.5399999618530273,1.5,0.38,1,0.16,0.34000003814697255,0.18000003814697255,12.0
HTZ,302,0.08,S,2.065000057220459,2,0.88,1,0.33,0.8149999427795409,0.4849999427795409,23.0
ADUR,58,0.07,S,15.25,15,2.05,12.5,1.25,1.8000000000000007,0.5500000000000007,4.0
BRUN,30,0.07,,18.90999984741211,17.5,2.65,15,0.95,1.2400001525878892,0.29000015258788925,2.0
LPTH,121,0.07,M,12.832300186157227,12.5,3.2,10,1.65,2.8676998138427727,1.2176998138427728,9.0
LWLG,121,0.07,M,6.099999904632568,6,1.6,5,1,1.5000000953674313,0.5000000953674313,8.0
HTZ,394,0.07,S,2.065000057220459,2,1,1,0.39,0.934999942779541,0.544999942779541,26.0
LPTH,212,0.07,M,12.832300186157227,12.5,3.7,7.5,1.55,3.3676998138427727,1.8176998138427727,14.000000000000002
AOSL,121,0.07,F,26.739999771118164,25,6.4,20,2.5,4.6600002288818345,2.1600002288818345,8.0
ARQQ,30,0.07,S,20.989999771118164,20,2.55,17.5,1.05,1.5600002288818366,0.5100002288818366,2.0
GERN,149,0.07,S,1.5499999523162842,1.5,0.35,1,0.15,0.3000000476837159,0.15000004768371591,10.0
HTZ,149,0.07,S,2.065000057220459,2,0.62,1.5,0.35,0.5549999427795411,0.20499994277954114,10.0
SATL,184,0.07,S,5.230000019073486,5,1.5,3,0.6,1.2699999809265137,0.6699999809265137,13.0
NUAI,184,0.07,S,5.40500020980835,5,2.05,3,1,1.6449997901916502,0.6449997901916502,12.0
SGMT,149,0.07,S,10.359999656677246,10,2.2,7.5,0.85,1.8400003433227532,0.9900003433227532,10.0
CEVA,121,0.07,M,29.44499969482422,30,5.2,22.5,2.55,5.200000000000003,2.650000000000003,9.0
CGC,149,0.07,M,1.024999976158142,1,0.19,0.5,0.06,0.16500002384185786,0.10500002384185786,10.0
SG,58,0.07,M,6.465000152587891,6,1,5,0.25,0.5349998474121094,0.2849998474121094,4.0
ARRY,58,0.07,S,4.764999866485596,5,0.5,4,0.3,0.5,0.2,4.0
TIGR,30,0.07,M,4.945000171661377,5,0.21,4,0.11,0.20999999999999996,0.09999999999999996,2.0
CRNC,30,0.07,M,7.860000133514404,8,0.45,7,0.3,0.4499999999999993,0.1499999999999993,2.0
SERV,30,0.07,M,4.679999828338623,5,0.26,4,0.16,0.2599999999999998,0.09999999999999978,2.0
CTGO,58,0.07,M,20.344999313354492,20,2.2,17.5,1.05,1.855000686645507,0.8050006866455071,4.0
DBO,30,0.07,S,21.940000534057617,22,0.95,21,0.6,0.9499999999999993,0.3499999999999993,2.0
FEIM,30,0.07,M,64.56999969482422,65,6.2,55,4.7,6.200000000000003,1.5000000000000027,2.0
IDR,30,0.07,M,31.670000076293945,30,2.5,25,0.35,0.8299999237060547,0.4799999237060547,2.0
INDI,30,0.07,M,3.875,3.5,0.6,3,0.15,0.22499999999999964,0.07499999999999965,2.0
METC,30,0.07,M,11.390000343322754,10,1.9,9,0.25,0.5099996566772464,0.25999965667724645,2.0
ROOT,30,0.07,S,57.20000076293945,55,4.8,50,1.35,2.599999237060544,1.249999237060544,2.0
NUAI,30,0.07,S,5.40500020980835,5,1,4.5,0.5,0.5949997901916504,0.09499979019165039,2.0
RZLV,93,0.06,S,2.503000020980835,2.5,0.4,2,0.25,0.39699997901916495,0.14699997901916495,6.0
WYFI,149,0.06,M,21.014999389648438,20,5.5,15,2.65,4.4850006103515625,1.8350006103515626,9.0
NRGV,149,0.06,S,3.7950000762939453,4,0.7,2,0.35,0.7000000000000002,0.3500000000000002,9.0
UAMY,16,0.06,M,5.230000019073486,5.5,0.35,5,0.3,0.34999999999999964,0.049999999999999656,1.0
DNUT,149,0.06,M,3.380000114440918,3.5,0.55,2.5,0.25,0.5499999999999998,0.2999999999999998,9.0
HTZ,520,0.06,S,2.065000057220459,2,1.2,1,0.47,1.1349999427795412,0.6649999427795412,32.0
VELO,121,0.06,S,13.34000015258789,12.5,3.9,10,2.15,3.059999847412108,0.909999847412108,7.000000000000001
UAMY,520,0.06,M,5.230000019073486,5,2.6,2.5,0.7,2.3699999809265133,1.6699999809265134,32.0
HNRG,93,0.06,M,16.2450008392334,16,2.3,12,1,2.0549991607666023,1.0549991607666023,6.0
IRWD,93,0.06,S,4.177999973297119,5,0.35,2.5,0.1,0.34999999999999964,0.24999999999999964,6.0
JMIA,93,0.06,S,6.425000190734863,6,1.25,5,0.45,0.8249998092651367,0.3749998092651367,6.0
NB,93,0.06,M,4.284999847412109,5,0.5,2.5,0.25,0.5,0.25,6.0
SOC,149,0.06,M,4.994999885559082,4,1.8,2.5,0.38,0.8050001144409178,0.4250001144409178,9.0
ASST,212,0.05,S,15.479999542236328,14,4.65,9,1.54,3.1700004577636705,1.6300004577636704,11.0
AQST,184,0.05,S,4.489999771118164,4,1.35,3,0.4,0.8600002288818356,0.46000022888183556,10.0
VPG,149,0.05,M,62.0099983215332,50,19.5,35,2.5,7.490001678466797,4.990001678466797,8.0
SPCE,37,0.05,M,3.0950000286102295,3,0.34,2.5,0.17,0.24499997138977037,0.07499997138977035,2.0
TREE,149,0.05,M,30.844999313354492,30,5.2,25,2.2,4.355000686645511,2.1550006866455105,7.000000000000001
SOC,149,0.05,M,4.994999885559082,5,1.31,4,0.93,1.3100000000000005,0.38000000000000045,8.0
SG,149,0.05,M,6.465000152587891,6,1.6,5,0.7,1.134999847412109,0.43499984741210906,7.000000000000001
ODD,149,0.05,M,12.449999809265137,12.5,2.9,10,2.05,2.9000000000000004,0.8500000000000005,7.000000000000001
NAK,149,0.05,S,1.6390000581741333,1.5,0.4,1,0.15,0.2609999418258666,0.11099994182586662,7.000000000000001
JMIA,149,0.05,S,6.425000190734863,7,1.1,5,0.65,1.0999999999999996,0.4499999999999996,7.000000000000001
GRPN,149,0.05,S,19.280000686645508,18,4.4,15,1.85,3.1199993133544908,1.2699993133544907,7.000000000000001
DGXX,149,0.05,M,3.6600000858306885,3,1.1,2,0.2,0.43999991416931117,0.23999991416931116,7.000000000000001
CWH,149,0.05,M,6.300000190734863,6,1.15,4,0.35,0.8499998092651371,0.4999998092651371,8.0
CCOI,149,0.05,M,9.949999809265137,10,2.05,7.5,1.4,2.0500000000000007,0.6500000000000008,7.000000000000001
BLMN,149,0.05,M,10.350000381469727,10,1.65,7.5,0.5,1.2999996185302738,0.7999996185302738,8.0
SERV,93,0.05,M,4.679999828338623,4,1.07,3,0.16,0.39000017166137724,0.23000017166137723,5.0
CEVA,93,0.05,M,29.44499969482422,30,4.7,25,3.2,4.700000000000003,1.5000000000000027,5.0
HTZ,667,0.05,S,2.065000057220459,2,1.29,1,0.58,1.224999942779541,0.6449999427795411,31.0

[Valued Call Options List - F/M]
Symbol,burn_ratio,Strength,Rank,days,ltp,Intrinsic,strike,Premium,Premium %,Volatility %,Value %,pe_ratio,Max(diff)
SVC,-0.1158,M,2797,519,8.04,6.226,2,1.2,-60.199999999999996,3.16,77.44,,0.24875622008573342
MPC,-0.058,F,175,519,360.75,57.177,95,157,-30.15,3.2,15.85,12.689061,0.26334026334026334
VEEV,-0.0571,M,420,519,251,44.828,95,81.5,-29.68,3.64,17.86,43.127148,0.3784860557768924
U,-0.0494,S,652,519,47.11,6.819,8,27,-25.71,3.52,14.469999999999999,,0.1698153236330493
RVMD,-0.0463,M,380,519,214.66,7.493,60,103,-24.07,3.36,3.49,,0.27951178131182935
CLMT,-0.0457,M,1619,519,49.19,-12.945,17,20.5,-23.76,4.46,-26.32,,0.3455987085710023
APA,-0.0343,F,774,519,43.45,20.022,15,20.7,-17.84,2.7,46.08,8.94033,0.345224389795505
HMY,-0.0291,M,858,519,21.09,5.1283035,3,14.9,-15.129999999999999,2.26,24.32,12.120689,0.14224750963939084
EAT,-0.0272,M,1028,519,233.46,10.415,115,85.5,-14.12,6.09,4.46,21.697025,0.49258972283396735
SHAK,-0.027,M,1939,519,73.27,13.483,30,33,-14.02,3.09,18.4,77.12631,0.40944453902658834
CVE,-0.0265,M,313,519,32.48,13.364229,8,20,-13.79,2.31,41.15,12.540541,0.2463054221905688
PBF,-0.0245,F,1100,519,73.91,54.06,27,37.5,-12.73,4.7,73.14,6.5932207,0.36530914168851264
ARES,-0.0243,F,491,519,143.1,11.031,55,70,-12.65,3.8,7.71,64.459465,0.3843465943685154
DXCM,-0.0235,F,472,519,89.88,6.946,30,48.9,-12.22,2.58,7.7299999999999995,35.525692,0.33377838136125615
LW,-0.0234,F,1192,519,53.86,13.276,20,27.3,-12.18,2.48,24.65,25.051163,0.3713330815699271
NTNX,-0.0218,M,711,519,65.42,-2.722,22.5,35.5,-11.34,3.03,-4.16,69.59574,0.34393152903939833
ABNB,-0.021,M,242,519,186.39,13.219,105,61,-10.94,3.03,7.090000000000001,41.885395,0.5633349447064347
CVX,-0.0199,F,33,519,205.76,96.8,85,99.5,-10.33,1.63,47.05,19.803656,0.41310265488550085
INSM,-0.0194,S,522,519,130.66,3.47,50,67.5,-10.07,3.25,2.6599999999999997,,0.38267257461052484
AXON,-0.0193,F,349,519,645.72,45.233,330,251,-10.02,5.62,7.01,256.2381,0.5110574474577002
HAE,-0.0193,M,1513,519,108.41,18.409,65,32.5,-10.059999999999999,2.96,16.98,50.423256,0.5995756646461428
HL,-0.0191,S,829,519,20.54,3.986,4,14.5,-9.93,3.84,19.41,21.621054,0.194741958213652
EOG,-0.018,F,236,519,149.48,57.788,75,60.5,-9.35,1.75,38.66,11.569659,0.5017393774662957
FRO,-0.0171,M,1036,519,44.45,12.763,15,25.5,-8.89,2.97,28.71,10.9482765,0.33745781198065516
NTAP,-0.0168,F,439,519,194.48,6.893,105,72.5,-8.73,3.52,3.54,32.25207,0.5399012870562894
MDB,-0.0159,F,462,519,440.53,36.458,230,174,-8.290000000000001,4.64,8.28,,0.5220983829417455
CORT,-0.0154,M,869,519,119.02,6.54,72.5,37,-8,2.79,5.489999999999999,264.4889,0.6091413379671233
QURE,-0.0152,S,1816,519,48.76,4.674,13,31.9,-7.920000000000001,3.97,9.59,,0.26661198620794435
TEVA,-0.0145,S,398,519,37.47,6.653,5,29.65,-7.53,2.38,17.76,61.42623,0.13344008105442423
DT,-0.014,M,802,519,49.6,8.441,20,26,-7.26,3.94,17.02,97.2549,0.403225818856326
LYB,-0.0133,F,642,519,66.06,33.037,35,26.5,-6.9,2.31,50.01,,0.5298213940888474
W,-0.013,M,908,519,107.8,-21.593,60,40.5,-6.77,4.01,-20.03,,0.556586255115339
SN,-0.013,M,570,519,181.24,20.178,97.5,71.5,-6.75,3.48,11.129999999999999,37.292183,0.5379606987690003
TGT,-0.0126,F,264,848,159,36.098,80,62,-10.69,3.09,22.7,20.152092,0.5031446540880503
EXPE,-0.0123,F,445,519,326.27,10.075,195,110.5,-6.370000000000001,3.7,3.09,20.202477,0.5976645311126939
REGN,-0.0109,M,220,519,840.84,316.111,640,153,-5.6899999999999995,2.23,37.59,20.039085,0.7611435939764188
ROKU,-0.0096,M,653,519,156.8,19.027,90,59,-4.97,1.28,12.13,66.72341,0.5739795806655187
EMN,-0.0094,F,1113,519,75.16,53.321,40,31.5,-4.87,2.24,70.94,19.02785,0.5321979517167761
BKR,-0.0089,F,298,519,64.48,20.062,35,26.5,-4.62,1.87,31.11,20.73312,0.5428039419640697
LMT,-0.0089,F,130,519,589.15,38.122,360,202,-4.61,2.4,6.47,22.367123,0.6110497922121568
SCHW,-0.0086,M,94,519,110.88,25.423,47.5,58.4,-4.49,1.5,22.93,20.307692,0.4283910640026263
SU,-0.0085,M,239,519,67.47,29.42112,38,26.5,-4.3999999999999995,2.04,43.61,12.540893,0.5632132697863317
FIVE,-0.008,F,851,519,242.08,41.819,170,62,-4.16,2.77,17.27,30.109453,0.7022471856995497
MDLZ,-0.008,F,225,519,64.16,20.803,30,31.5,-4.15,1.61,32.42,38.419167,0.46758102069306673
VLO,-0.0079,F,182,848,346.26,86.83,150,173,-6.72,2.86,25.080000000000002,14.597809,0.43320047296692266
SBLK,-0.0075,M,1820,519,30.17,22.517,8,21,-3.88,2.89,74.63,11.831373,0.26516406959793126
SHEL,-0.007,F,62,519,92.77,61.57,55,34.4,-3.63,1.12,66.36999999999999,10.172149,0.5928640938903244
SMCI,-0.0067,M,601,848,36.58,16.713,2,32.5,-5.6899999999999995,6.78,45.69,11.467085,0.054674682883752476
VRTX,-0.0066,F,125,519,552.06,79.921,380,153,-3.45,2.56,14.48,30.772573,0.688330981560873
DINO,-0.0063,F,733,519,94.62,57.851,37.5,54,-3.3000000000000003,2.95,61.14000000000001,9.124397,0.39632211912353404
BX,-0.0062,F,164,848,145.09,11.269,85,52.5,-5.2299999999999995,3.24,7.7700000000000005,31.472883,0.5858432844815094
FRPT,-0.0057,F,1768,519,75.03,25.454,52.5,20.3,-2.97,3.55,33.93,18.851759,0.6997201233393382
VOD,-0.0056,M,444,519,16.17,12.640343,8,7.7,-2.91,1.13,78.17,,0.49474334955189103
CME,-0.0054,F,194,519,266.94,73.816,135,124.5,-2.79,2.23,27.650000000000002,23.031923,0.5057316204589183
MGA,-0.0054,F,679,519,71.01,43.982,25,44,-2.83,1.92,61.94,25.82182,0.35206307911438
VAL,-0.0053,M,1350,519,86.92,45.803,40,44.5,-2.78,3.11,52.7,6.515742,0.4601932908725159
TMO,-0.0049,F,76,519,613.54,142.473,430,168,-2.53,2.01,23.22,31.7403,0.7008508253733322
ROKU,-0.0044,M,653,848,156.8,19.027,95,56,-3.6999999999999997,1.28,12.13,66.72341,0.6058673351469364
BCE,-0.0041,F,628,519,23.7,15.953599,13,10.2,-2.11,1.43,67.31,4.8073025,0.5485231890932497
UNP,-0.004,F,102,519,301.8,32.708,140,155.5,-2.09,1.82,10.84,24.221508,0.46388338523074546
LYFT,-0.0037,S,1285,666,17.43,7.974,3,14,-2.4699999999999998,4.2,45.75,2.4653466,0.17211703657338204
VLO,-0.0037,F,182,519,346.26,86.83,260,79.5,-1.95,2.86,25.080000000000002,14.597809,0.7508808198093325
SHW,-0.0036,M,218,519,353.59,15.973,270,77,-1.8599999999999999,1.88,4.52,31.854954,0.763596263458732
GOLD,-0.0033,F,2626,519,45.29,29.757,22.5,22,-1.7399999999999998,3.6,65.7,13.532935,0.4967435900113628
FDX,-0.0026,F,243,519,328.38,131.863,170,154,-1.3299999999999998,2.63,40.160000000000004,17.702427,0.5176929090450167
PRU,-0.0024,F,409,519,122.22,92.061,92.5,28.2,-1.24,1.62,75.32,11.285318,0.7568319348399025
AAPL,-0.0024,F,2,575,316.83,7.36,140,172.5,-1.37,1.78,2.32,35.598877,0.44187736620083923
BLK,-0.0023,F,101,519,1158.92,371.704,860,285,-1.2,1.77,32.07,27.626223,0.7420701751540177
TTE,-0.0023,F,87,519,90.07,57.733,77.5,11.5,-1.1900000000000002,1.27,64.1,11.174937,0.8604418814542691
DELL,-0.0022,F,124,519,437.55,-2.163,130,302.5,-1.15,6.32,-0.49,37.301792,0.2971089101287116
GD,-0.0021,F,171,519,392.34,99.3,290,98,-1.11,1.32,25.31,23.98166,0.7391548216008202
COP,-0.0016,M,118,519,130.58,54.397,92.5,37,-0.83,1.92,41.660000000000004,17.159,0.7083779958869747
DASH,-0.0015,F,208,519,220.22,22.899,135,83.5,-0.7799999999999999,3.46,10.4,113.515465,0.6130233368980134
IE,-0.0015,M,2392,519,10.58,3.295,2.5,8,-0.76,4.67,31.14,,0.2362948977342032
SYK,-0.0014,F,139,519,339.98,59.941,240,97.5,-0.73,2.37,17.630000000000003,34.376137,0.7059238550635005
IVZ,-0.0013,F,808,519,32.21,22.563,13,19,-0.65,2.31,70.05,,0.4036013775072368
SPOT,-0.0012,M,163,519,533.37,44.968483,320,210,-0.63,3.88,8.43,28.013128,0.5999587583281514
ZM,-0.0009,S,524,519,107.47,33.975,67.5,39.45,-0.48,3.03,31.61,15.4410925,0.6280822483790642
SWK,-0.0008,F,776,519,99.8,57.75,55,44.4,-0.4,2.18,57.87,24.048193,0.5511021875568095
V,-0.0005,M,25,519,365.54,18.87,160,204.5,-0.27999999999999997,1.6,5.16,30.951735,0.43770858527059786
ATI,-0.0004,M,511,519,215.99,13.782,110,105.5,-0.22999999999999998,3.73,6.38,66.2546,0.5092828242160558
WGS,-0.0004,M,2117,519,79.65,8.566,37.5,42,-0.19,4.93,10.75,,0.4708097838242471
CHWY,-0.0003,F,1408,519,23.99,1.035,7.5,16.45,-0.16999999999999998,3.37,4.31,38.693546,0.3126302655921379
CNQ,0,M,177,519,49.5,16.296108,17.5,32,0,1.72,32.92,12.252476,0.35353535353535354
MCD,0.0004,F,95,519,267.45,-1.446,155,112.95,0.19,1.89,-0.54,21.690998,0.5795475525348474
LLY,0.0008,F,12,519,1280.34,38.002,870,416,0.44,2.76,2.97,41.155254,0.6795070240915208
XYZ,0.0013,M,397,519,80.93,36.698,25,56.5,0.7000000000000001,2.85,45.35,141.98245,0.3089089324815084
BBY,0.0015,F,681,519,89.21,14.632,57.5,32.4,0.77,2.51,16.400000000000002,16.161232,0.6445465821107501
REGN,0.0016,M,220,666,840.84,316.111,720,130,1.09,2.23,37.59,20.039085,0.8562865432234712
MA,0.0017,F,26,848,573.72,6.396,340,242,1.44,1.69,1.11,31.540403,0.5926236097086032
NOC,0.0017,F,224,519,582.84,125.888,440,148,0.89,2.08,21.6,18.728792,0.7549241296516345
HSY,0.0018,F,534,519,188.79,22.709,110,80.6,0.96,1.83,12.030000000000001,25.071712,0.582658000486723
BILL,0.002,M,1540,848,47.71,38.187,20,28.5,1.66,4.96,80.04,,0.4191993373252663
DVN,0.002,F,346,848,48.19,36.305,25,24,1.68,2.06,75.33999999999999,10.385776,0.5187798446241066
BIIB,0.0021,F,482,519,221.56,127.61,155,69,1.0999999999999999,2.3,57.599999999999994,37.744465,0.6995847703013659
JPM,0.0023,F,18,519,357.26,133.007,180,181.5,1.1900000000000002,1.41,37.230000000000004,15.553331,0.5038347284323433
THC,0.0028,M,638,519,268.52,57.858,230,42.5,1.48,2.4,21.55,10.448248,0.8565470334064753
BDX,0.003,F,353,519,187.6,89.637,175,15.5,1.55,2.28,47.78,31.266668,0.9328357905459604
TFC,0.0031,F,302,519,50.97,48.038,37.5,14.3,1.63,1.74,94.25,12.049645,0.7357268805551481
HD,0.0035,F,43,519,344.3,12.864,210,140.5,1.7999999999999998,2.49,3.74,23.646976,0.6099332194175832
PANW,0.0037,M,54,848,359.76,34.032,80,291,3.1199999999999997,4.01,9.46,321.2143,0.222370463165481
DD,0.0039,F,680,519,139.68,101.963,75,67.5,2.02,2.36,73,59.438297,0.5369416089109236
MTCH,0.0039,F,1075,519,39.7,-1.031,17.5,23,2.02,2.7,-2.6,13.737024,0.44080603686880815
SPG,0.004,M,265,519,223.18,14.858,155,72.8,2.07,1.4,6.660000000000001,15.574319,0.6945066990174702
NTR,0.0041,F,474,519,70.5,54.155,47.5,24.5,2.13,1.61,76.82,14.043825,0.6737588652482269
TAL,0.0044,M,1512,519,12.12,6.82,5,7.4,2.31,2.64,56.269999999999996,7.575,0.4125412580207591
MDB,0.0045,F,462,575,440.53,36.458,310,142,2.6,4.64,8.28,,0.7036978204867004
STWD,0.0045,M,1338,519,16.56,17.979,15,1.95,2.36,1.67,108.57000000000001,27.599998,0.9057971306611025
USB,0.0051,F,188,848,62.82,38.911,35,30.55,4.35,1.69,61.94,12.925925,0.5571474079915297
COF,0.0057,M,131,848,220.73,167.859,140,91.4,4.83,1.91,76.05,12.195027,0.6342590617942603
PWR,0.0058,F,178,519,677.41,64.136,330,368,3.04,3.64,9.47,79.322014,0.4871496037593643
TECK,0.006,M,490,519,65.95,40.077656,40,28,3.11,2.4,60.77,17.401054,0.6065201190440108
DK,0.0063,F,1661,519,66.33,3.047,22.5,46,3.27,4.84,4.590000000000001,18.579832,0.3392130164161377
USB,0.0064,F,188,519,62.82,38.911,30,34.9,3.3099999999999996,1.69,61.94,12.925925,0.4775549211355969
PM,0.0067,M,53,519,189.93,-5.507,115,81.5,3.46,1.87,-2.9000000000000004,25.77069,0.6054862551188005
OMC,0.0067,F,580,519,87.43,35.218,72.5,18,3.51,2.44,40.28,230.07895,0.8292348135301112
ET,0.0069,F,262,848,21.18,9.286,20,2.42,5.8500000000000005,1.54,43.84,14.708333,0.944287049661306
MS,0.007,F,44,519,214.23,67.801,115,107,3.63,1.71,31.65,17.574242,0.5368062469938091
LLY,0.0075,F,12,848,1280.34,38.002,910,452,6.38,2.76,2.97,41.155254,0.7107487263486022
UBS,0.0075,F,113,519,53.13,29.122,27.5,27.7,3.9,1.02,54.81,33.415092,0.5175983332796035
ARWR,0.0077,S,878,519,89.41,3.298,32,61,4.02,3.22,3.6900000000000004,,0.35790178603427486
AXP,0.008,F,75,519,339.9,50.785,180,174,4.15,1.71,14.940000000000001,20.537766,0.5295675293681191
FUTU,0.0081,S,991,519,109.42,37.461773,55,59,4.19,2.75,34.239999999999995,11.997807,0.5026503465580358
BTU,0.0082,F,1853,519,26.85,26.65,5,23,4.279999999999999,3.91,99.26,,0.18621973664665953
DLR,0.0082,F,271,519,192.35,72.168,165,35.5,4.24,2.07,37.519999999999996,249.8052,0.8578112542985995
ETN,0.0083,F,111,519,424.67,52.147,250,193,4.32,3.24,12.280000000000001,43.87087,0.5886923778350134
AAOI,0.0084,S,1004,519,122.19,19.767,42,85.5,4.35,13.12,16.18,,0.34372697570032584
GOOGL,0.0088,F,6,519,344.72,50.896,185,175.5,4.58,1.87,14.760000000000002,17.270542,0.5366674383409387
ILMN,0.0089,F,497,519,205,18.795,110,104.5,4.63,3.09,9.17,35.102737,0.5365853658536586
MET,0.0089,F,310,519,95.11,43.028,70,29.5,4.62,1.43,45.24,18.503891,0.7359899017010557
OVV,0.0089,F,698,519,65.56,41.573,55,13.6,4.64,1.83,63.41,18.160666,0.8389262057376401
PANW,0.0092,M,54,519,359.76,34.032,145,232,4.79,4.01,9.46,321.2143,0.4030464644874343
HLT,0.0093,F,253,519,334.73,-27.927,200,150.9,4.83,1.84,-8.34,48.09339,0.597496470097415
AGQ,0.0094,M,,666,81.88,,50,37,6.25,3.69,,,0.6106497517977484
LNC,0.0094,F,1134,519,43.48,54.136,32.5,13.1,4.88,2.77,124.51,3.79738,0.7474701090654245
TPG,0.0095,M,1120,519,53.18,7.069,47.5,8.3,4.93,4.88,13.29,77.072464,0.8931929245471822
BLK,0.0096,F,101,848,1158.92,371.704,950,303,8.12,1.77,32.07,27.626223,0.8197286818561824
HD,0.0096,F,43,848,344.3,12.864,290,82.5,8.19,2.49,3.74,23.646976,0.8422887315766624
CXW,0.0097,M,1882,519,31.99,14.546,15,18.6,5.029999999999999,4.96,45.47,25.798388,0.4688965335205345
IBIT,0.0098,S,,666,36.23,,2,36.6,6.54,1.78,,,0.055202871246753216
BJ,0.0099,F,921,519,91.79,16.651,50,46.5,5.13,2.5,18.14,21.346512,0.5447216418051252
PAGP,0.0103,M,1471,519,26.1,7.984,15,12.5,5.36,1.58,30.59,74.557144,0.5747126352783344
ZETA,0.0105,F,1291,848,28.79,3.701,12.5,18.85,8.89,4.81,12.86,,0.43417852040631094
TRU,0.0107,F,755,519,83.54,24.656,62.5,25.7,5.58,3.17,29.509999999999998,20.98995,0.748144593189528
BAM,0.0108,F,221,519,52.65,4.704,45,10.6,5.6000000000000005,3.21,8.93,29.578653,0.8547008299302951
NEE,0.0109,F,103,519,85.91,27.388,45,45.8,5.6899999999999995,1.2,31.879999999999995,19.392778,0.5238039585819184
PRAX,0.0111,S,965,575,386.19,50.61,320,91,6.419999999999999,4.3,13.100000000000001,,0.8286076749191642
ADM,0.0111,F,436,519,80.76,48.907,47.5,37.9,5.75,2.1,60.56,22.495823,0.5881624411038815
BXSL,0.0113,F,1391,519,24.56,25.526,12.5,13.5,5.86,1.6,103.92999999999999,19.1875,0.5089576657904201
ET,0.0113,F,262,519,21.18,9.286,20,2.42,5.8500000000000005,1.54,43.84,14.708333,0.944287049661306
MBX,0.0115,M,1847,519,68.4,9.202,30,42.5,5.99,4.4,13.450000000000001,,0.4385964814437848
ARCC,0.0117,M,809,519,19.8,19.347,10,11,6.0600000000000005,1.31,97.71,14.666666,0.5050505245112612
IBIT,0.0119,S,,848,36.23,,9,30.9,10.13,1.78,,,0.24841292061038947
TER,0.0121,M,317,519,379.65,21.967,190,213.5,6.279999999999999,6.19,5.79,55.58565,0.5004609589215627
CG,0.0121,M,713,519,49.4,14.834,37.5,15,6.279999999999999,3.92,30.03,50.408165,0.7591092882933431
EMR,0.0121,F,212,519,157.6,36.535,125,42.5,6.279999999999999,2.27,23.18,34.485775,0.7931471774049099
NOV,0.0122,F,1201,519,20.69,17.366,3,19,6.329999999999999,2.51,83.93,76.62963,0.1449975796308815
LYV,0.0123,F,403,519,184.19,0.357,130,66,6.41,2.05,0.19,,0.7057929218571733
TSM,0.0123,F,5,519,412.09,4.7950196,195,243.5,6.41,1.89,1.16,30.96093,0.4731976066706336
PANW,0.0126,M,54,666,359.76,34.032,170,220,8.41,4.01,9.46,321.2143,0.4725372342266471
TRMD,0.0126,M,1880,519,30.97,22.262,22.5,10.5,6.550000000000001,2.12,71.88,9.082111,0.7265095414547792
TWLO,0.0127,M,469,519,221.87,51.175,115,121.5,6.59,5.92,23.07,32.062138,0.5183215510473113
BEAM,0.0128,S,1924,519,29.07,10.685,13,18,6.64,3.64,36.76,,0.44719642712327207
IBIT,0.0131,S,,519,36.23,,7,31.7,6.819999999999999,1.78,,,0.19321004936363625
NICE,0.0135,M,1370,519,100.93,2.56928,75,33,7.000000000000001,3.76,2.55,14.501437,0.7430892675441113
ADI,0.014,F,100,519,373.26,69.06,135,265.5,7.3,2.95,18.5,56.21386,0.3616781773240812
AXP,0.0141,F,75,848,339.9,50.785,185,195.5,11.940000000000001,1.71,14.940000000000001,20.537766,0.5442777385172335
CFG,0.0144,M,509,848,70.76,56.951,55,24.4,12.21,2.14,80.47999999999999,16.00905,0.7772752733120531
ELV,0.0148,F,215,519,398.45,206.986,310,119,7.670000000000001,2.55,51.949999999999996,17.60716,0.7780147835431026
TOL,0.0148,F,822,519,148.58,87.246,100,60,7.6899999999999995,2.88,58.720000000000006,10.861111,0.6730380856618015
BMY,0.015,F,126,848,67.61,10.925,67.5,8.7,12.709999999999999,1.98,16.16,14.571121,0.9983730127294996
ULTA,0.015,F,619,519,527.85,63.475,430,139,7.8,3.3,12.030000000000001,19.377752,0.8146254047330028
ZION,0.015,M,1031,848,68.29,52.179,50,27,12.75,1.96,76.41,9.033069,0.7321716112121375
BORR,0.0154,M,2570,519,4.49,3.117,2.5,2.35,8.02,4.78,69.42,,0.5567929014342498
DHI,0.0154,F,406,519,151.86,84.848,125,39,7.99,2.58,55.87,13.893869,0.8231265606321837
ROST,0.0154,F,254,519,234.69,19.64,170,83.5,8.01,2.63,8.37,33.00844,0.7243597862352188
TROW,0.0154,F,593,519,112.23,51.579,70,51.2,7.99,1.89,45.96,11.078974,0.6237191295216635
UNH,0.0155,F,42,519,388.61,108.781,185,235,8.08,2.02,27.99,25.31661,0.47605570359350563
ANF,0.0156,M,1552,519,105.45,30.161,65,49,8.110000000000001,4.76,28.599999999999998,10.198258,0.6164058974027644
IRM,0.0156,F,453,519,122.08,-4.303,45,87,8.129999999999999,3.3,-3.52,89.76471,0.36861074152239165
META,0.0157,F,11,848,546.03,102.52,120,499,13.36,3.51,18.78,20.488932,0.21976813281592675
APO,0.0162,F,240,519,133.63,34.043,65,79.9,8.43,3.78,25.480000000000004,47.555164,0.48641770279812585
CB,0.0163,F,136,519,340.92,195.45,290,79.9,8.5,1.48,57.330000000000005,12.241293,0.8506394127004574
MCK,0.0163,F,183,519,853.71,-36.552,750,176,8.469999999999999,2.52,-4.279999999999999,23.312672,0.8785184438469928
MU,0.0163,F,14,519,937.11,89.215,135,881.35,8.459999999999999,4.69,9.520000000000001,21.278496,0.14405993118230825
PRAX,0.0163,S,965,519,386.19,50.61,340,79,8.5,4.3,13.100000000000001,,0.8803956546016121
MAR,0.0166,F,201,519,359.95,-17.284,220,171,8.63,1.84,-4.8,37.031895,0.6111959787167984
COIN,0.0167,S,456,666,160.2,49.585,20,158,11.110000000000001,4.53,30.95,,0.1248439474469007
DDOG,0.0169,S,241,519,233.52,11.208,60,194,8.77,5.21,4.8,496.85107,0.25693730259611774
GOOGL,0.0169,F,6,666,344.72,50.896,130,253.5,11.25,1.87,14.760000000000002,17.270542,0.37711765937471364
RCL,0.0169,M,234,519,300.56,38.273,230,97,8.799999999999999,2.19,12.73,18.518793,0.7652382282015484
CFG,0.017,M,509,519,70.76,56.951,52.5,24.5,8.82,2.14,80.47999999999999,16.00905,0.7419445790705962
LITE,0.0173,F,257,519,827.6,52.414,420,481.9,8.98,9.27,6.329999999999999,,0.5074915567785532
PCG,0.0174,M,437,519,17.65,14.676,3,16.25,9.07,2.5,83.15,12.789855,0.16997167506170247
HNGE,0.0175,M,1420,519,88.46,4.293,45,51.5,9.09,3.96,4.8500000000000005,10.735437,0.50870450447358
XENE,0.0175,S,1351,519,62.32,12.841,50,18,9.11,3.58,20.599999999999998,,0.8023106586143418
ASO,0.0178,F,1942,519,47.59,33.397,25,27,9.27,3.47,70.17999999999999,8.408128,0.5253204437874021
MU,0.0181,F,14,666,937.11,89.215,240,810,12.049999999999999,4.69,9.520000000000001,21.278496,0.25610654432410357
MGNI,0.0181,M,1804,519,23.85,6.53,18,8.1,9.43,3.2,27.38,22.289719,0.7547169690607264
ALKS,0.0185,M,1125,519,50.18,10.795,37,18,9.610000000000001,3.03,21.51,128.66667,0.7373455515141489
WHR,0.0187,M,2050,519,40.09,58.185,27.5,16.5,9.75,4.15,145.14000000000001,13.1875,0.6859565950444333
AMD,0.0188,F,20,848,466.42,41.191,55,486,15.989999999999998,3.86,8.83,123.39154,0.11791946832599096
FE,0.0189,F,539,519,47.25,22.354,33,18.9,9.84,1.61,47.31,25.26738,0.6984126984126984
CM,0.0193,M,168,519,117.84,50.21125,95,34.7,10.059999999999999,1.93,42.61,16.231403,0.8061778933495555
LIN,0.0193,F,82,519,481.13,84.778,330,199.5,10.05,1.56,17.62,30.86145,0.6858853047013295
LITE,0.0193,F,257,666,827.6,52.414,430,503.9,12.839999999999998,9.27,6.329999999999999,,0.5195746890828045
LRN,0.0194,M,1788,848,84.17,39.739,45,53,16.43,3.23,47.21,11.739191,0.5346323034209455
SLG,0.0195,F,1654,519,57.65,45.103,47.5,16,10.15,2.95,78.24,,0.8239375323984579
CF,0.0197,M,702,519,119.02,37.917,87.5,43.7,10.23,3.3,31.86,8.88209,0.7351705803051488
EXEL,0.0198,S,844,519,54.39,7.408,25,35,10.31,2.79,13.62,16.735384,0.4596433219441813
NTRS,0.0198,F,471,519,185.4,65.402,165,39.5,10.299999999999999,2.1,35.28,16.363636,0.8899676668388973
FCEL,0.0199,S,2426,519,20.3,11.321,4,18.4,10.34,13,55.769999999999996,,0.1970443423809312
ZION,0.02,M,1031,519,68.29,52.179,45,30.4,10.41,1.96,76.41,9.033069,0.6589544500909238
MO,0.0203,F,159,519,66.03,-1.598,37.5,35.5,10.56,1.81,-2.42,13.727651,0.5679236815578709
WM,0.0204,F,209,519,225.08,24.815,165,84,10.63,1.78,11.020000000000001,58.767624,0.7330726793038201
LEU,0.0204,M,1780,519,183.68,42.37,120,83.2,10.63,5.46,23.07,92.76767,0.6533101305802826
ARR,0.0212,S,2126,519,16.48,18.912,15,3.3,11.04,1.02,114.75999999999999,3.7117116,0.9101942000396747
HNST,0.0214,S,3388,519,4.95,1.531,2.5,3,11.110000000000001,4.58,30.930000000000003,,0.505561155351805
USO,0.0214,S,766,519,130.91,69.097,68,77.5,11.15,2.3,52.78,39.609684,0.5194408226854396
CSX,0.0221,F,200,519,50.68,7.602,22.5,34,11.48,1.62,15,29.294798,0.4439621125594616
EW,0.0226,F,344,519,92.28,18.415,77.5,25.6,11.73,1.69,19.96,53.96491,0.8398352950280621
FICO,0.0226,F,579,519,1161.59,-189.709,550,748,11.74,4.09,-16.33,31.25074,0.4734889385959796
CIEN,0.0228,M,331,848,399.47,20.426,260,216.8,19.36,7.03,5.11,134.95609,0.6508623906813784
HAS,0.0228,M,860,519,93.33,4.992,87.5,16.9,11.86,2.52,5.35,16.725807,0.9375334649450868
META,0.0228,F,11,666,546.03,102.52,180,449,15.2,3.51,18.78,20.488932,0.3296521992238901
DCH,0.023,M,2449,519,6.61,6.357,3,4.4,11.95,3.61,96.17,,0.45385778205801036
SBET,0.0231,S,2451,519,7.23,8.731,5,3.1,12.030000000000001,5.02,120.76,,0.6915629304024182
STLD,0.0232,F,480,848,231.01,65.591,180,96.5,19.689999999999998,4.49,28.389999999999997,22.692533,0.7791870667079451
CVNA,0.0234,S,356,519,70.44,5.602,31,48,12.15,5.41,7.95,34.360977,0.44009084221407535
CDNS,0.0235,F,214,519,314.98,24.902,150,203.5,12.23,2.69,7.91,62.87026,0.4762206958158714
EIX,0.0237,F,528,519,73.44,45.339,72.5,10,12.34,2.63,61.739999999999995,7.6024847,0.9872004029118023
BMY,0.0244,F,126,519,67.61,10.925,67.5,8.7,12.709999999999999,1.98,16.16,14.571121,0.9983730127294996
HUM,0.0249,F,385,519,378.02,160.001,180,247,12.959999999999999,3.41,42.33,36.10506,0.4761652960989053
VLY,0.025,F,1155,848,14.44,13.39,3,14.5,21.19,1.83,92.73,12.556521,0.20775623872423735
M,0.0251,M,1335,519,23.4,18.389,5,21.45,13.03,2.84,78.59,9.590163,0.2136752171585738
ETHE,0.0253,S,,519,15.11,,7,10.1,13.170000000000002,2.12,,,0.46326936856723466
AVGO,0.0254,F,8,666,362.48,18.43,195,229,16.97,3.79,5.08,63.260036,0.5379606987690003
SYF,0.0256,M,563,519,79.62,46.713,75,15.2,13.29,2.03,58.67,8.267913,0.9419743458024389
META,0.0257,F,11,519,546.03,102.52,120,499,13.36,3.51,18.78,20.488932,0.21976813281592675
CART,0.0259,S,920,519,50.67,9.964,38,19.5,13.48,3.8,19.66,26.66842,0.7499506882415773
VIK,0.0259,M,518,519,90.77,2.33,55,48,13.469999999999999,5.57,2.5700000000000003,36.453815,0.6059270908235872
GS,0.026,F,51,848,1021.65,366.451,875,372,22.06,1.95,35.870000000000005,16.076319,0.8564576705235539
STT,0.0261,M,354,519,185.81,87.008,165,46,13.56,1.97,46.83,16.922586,0.8880038865937153
INMD,0.0265,M,2956,519,14.94,10.681,10,7,13.79,1.29,71.49,12.351239,0.6691201207225999
PCAR,0.0266,F,287,519,127.47,38.607,118.6,26.5,13.83,1.99,30.29,26.94926,0.9304149906977289
TXN,0.0266,F,68,519,267.45,19.723,160,144.5,13.850000000000001,3.42,7.37,41.336945,0.5982426348746811
MUR,0.0267,F,1456,519,36.87,36.685,27.5,14.5,13.91,2.63,99.5,18.252476,0.7458638675527138
ETHA,0.0271,S,,666,14.14,,4,12.7,18.099999999999998,2.18,,,0.2828854245317537
HWM,0.0272,F,154,519,283.48,14.33,220,103.5,14.12,2.56,5.06,62.855877,0.7760688283965472
OZK,0.0273,F,1439,519,49.48,54.467,42.5,14,14.19,1.82,110.08,8.372251,0.8589329101291083
GNL,0.0275,F,2221,519,9.01,7.155,5,5.3,14.32,2.35,79.41,,0.5549389426175978
IEP,0.0275,M,1544,519,6.65,2.55,5,2.6,14.29,2.79,38.35,,0.7518796884654384
AMD,0.0279,F,20,519,466.42,41.191,140,394,14.49,3.86,8.83,123.39154,0.300158646647977
WAL,0.028,M,1099,848,80.4,67.88,70,29.5,23.76,1.98,84.43,9.115646,0.8706467496455036
OPRA,0.0284,S,2427,519,18.12,11.274,8,12.8,14.790000000000001,3.44,62.22,13.130435,0.4415010833045003
FTNT,0.0285,F,157,519,152.85,2.114,70,105.5,14.82,3.42,1.38,55.78467,0.45796530719529993
YPF,0.0286,M,668,519,50.06,26.748478,27,30.5,14.860000000000001,4.34,53.43,25.540817,0.5393527618719876
CAT,0.0287,F,39,519,816.15,42.193,250,688,14.93,3.07,5.17,36.225033,0.3063162317240414
JANX,0.0287,S,2783,519,17.4,15.193,5,15,14.940000000000001,3.46,87.32,,0.2874389116654733
ASML,0.0288,M,23,848,1751.73,1.184633,1360,820,24.45,2.52,0.06999999999999999,61.356567,0.77637536330575
GS,0.0288,F,51,666,1021.65,366.451,960,258,19.220000000000002,1.95,35.870000000000005,16.076319,0.9396564156601278
MANU,0.0288,M,2605,519,23.92,1.3988,17,10.5,14.97,2.92,5.8500000000000005,,0.7107023388703058
LITE,0.0294,F,257,757,827.6,52.414,530,482,22.28,9.27,6.329999999999999,,0.6404060121253171
IBN,0.0298,F,174,519,29.44,11.07109,25,9,15.49,1.22,37.61,18.285715,0.8491847672040219
KMX,0.0301,F,1131,848,58.95,43.116,52.5,21.5,25.53,2.89,73.14,35.727272,0.8905852302041967
MGM,0.0302,F,961,519,43.22,9.992,23,27,15.690000000000001,1.46,23.119999999999997,26.193941,0.532161021526825
ROK,0.0303,F,369,519,433.27,31.464,340,161.5,15.75,2.23,7.26,40.644466,0.7847300958323963
SPGI,0.0303,F,144,519,426.66,106.855,370,124,15.78,2.32,25.040000000000003,25.44186,0.867201042573044
GTES,0.0306,F,1277,519,26.23,13.912,18,12.4,15.9,3.99,53.04,19.286764,0.6862371450299061
PBR,0.0307,M,278,519,18.54,13.462078,8,13.5,15.97,2.15,72.61,4.6119404,0.4314994393177165
TSLA,0.0307,M,9,519,351.12,21.995,90,317.15,15.959999999999999,3.42,6.260000000000001,313.5,0.2563226283082004
AIG,0.0313,F,430,519,75.7,77.386,67.5,20.5,16.25,1.52,102.23,13.889908,0.8916777109799792
DDOG,0.0313,S,241,848,233.52,11.208,150,145.5,26.540000000000003,5.21,4.8,496.85107,0.6423432564902943
SII,0.0313,M,1893,519,120.84,15.241,65,75.5,16.27,4.81,12.61,29.617647,0.537901373467839
VTRS,0.0314,M,682,519,16.25,12.588,15,3.9,16.31,2.18,77.46,,0.9230769230769231
GPCR,0.0315,S,1712,519,54.13,21.406,35,28,16.39,4.48,39.550000000000004,,0.6465915261290549
HBAN,0.0317,F,464,519,17.17,14.721,5,15,16.48,2.02,85.74000000000001,13.626985,0.2912055898533941
HON,0.0319,F,274,519,221.73,58.487,195,63.5,16.580000000000002,2.63,26.38,8.757109,0.8794479942155198
TVTX,0.0322,S,1337,519,65.96,1.068,52.5,24.5,16.74,3.27,1.6199999999999999,,0.7959369425212558
STLD,0.0325,F,480,519,231.01,65.591,190,80.1,16.919999999999998,4.49,28.389999999999997,22.692533,0.8224752370806087
DPRO,0.0325,S,4550,519,4.62,2.9106326,2.5,2.9,16.88,5.53,63,,0.5411255545296332
DAR,0.0332,F,981,519,66.94,33.242,62.5,16,17.27,2.75,49.66,18.39011,0.9336719109729245
MTDR,0.0332,F,1224,519,58,47.812,57.5,10.5,17.24,2.56,82.43,9.813875,0.9913793103448276
JCI,0.0333,F,213,519,144.94,22.257,135,35,17.29,2.57,15.36,42.13372,0.9314198821997081
BG,0.0337,F,632,519,114,83.042,97.5,36.5,17.54,1.74,72.84,24.62203,0.8552631578947368
FND,0.0337,M,1341,519,57.42,23.351,50,17.5,17.549999999999997,3.68,40.67,26.219177,0.8707767606137211
KEY,0.0339,F,603,519,22.1,16.136,10,16,17.65,1.98,73.00999999999999,13.313253,0.452488679972365
ROIV,0.0339,M,544,519,37.4,5.855,32,12,17.65,3.29,15.659999999999998,,0.8556149383538827
BRZE,0.034,S,1796,848,30.65,5.204,25,14.5,28.87,5.2,16.98,,0.815660695306684
CRWD,0.0341,F,84,666,201.63,4.551,167.5,80,22.75,4.3,2.26,,0.8307295340162845
VLY,0.0341,F,1155,519,14.44,13.39,5,12,17.73,1.83,92.73,12.556521,0.3462603978737289
AMD,0.0352,F,20,666,466.42,41.191,165,411,23.49,3.86,8.83,123.39154,0.35375840497797284
GRAL,0.0352,M,1844,519,73.96,56.926,45,42.5,18.310000000000002,5.64,76.97,,0.6084370005008208
FUN,0.0353,M,2371,519,16.9,1.121,5,15,18.34,4.42,6.63,,0.29585799484383835
CROX,0.0356,F,1352,519,125.73,28.766,92.5,56.5,18.509999999999998,3.16,22.88,11.419619,0.7357034719660567
UCO,0.0359,S,,519,41.21,,32,16.9,18.66,3.58,,,0.7765105729414381
TGTX,0.0365,S,1163,519,51.69,4.114,28,33.5,18.98,2.93,7.960000000000001,18.329786,0.5416908636854169
CYTK,0.0365,S,963,519,77.74,-1.25,45,47.5,18.990000000000002,3.09,-1.6099999999999999,,0.5788526014479363
ASML,0.0367,M,23,666,1751.73,1.184633,1360,820,24.45,2.52,0.06999999999999999,61.356567,0.77637536330575
URI,0.0367,F,277,519,1117.04,147.968,1070,260,19.06,2.85,13.25,26.884237,0.9578886723684682
CIEN,0.0372,M,331,519,399.47,20.426,260,216.8,19.36,7.03,5.11,134.95609,0.6508623906813784
USO,0.0373,S,766,575,130.91,69.097,114,45,21.46,2.3,52.78,39.609684,0.870827261560884
FROG,0.0375,M,948,519,91.21,7.808,77.5,31.5,19.5,5.41,8.559999999999999,,0.8496875427903977
CELC,0.0377,S,1567,519,93.65,-0.261,65,47,19.59,5.73,-0.27999999999999997,,0.6940736672816619
STX,0.0377,F,96,519,832.56,4.88,310,686,19.63,6.92,0.59,64.942276,0.372345537749888
SERV,0.0378,M,3627,519,4.68,4.067,3,2.6,19.66,6.77,86.9,,0.6410256645383223
ENTG,0.0383,F,629,519,144.28,26.587,75,98,19.91,5.15,18.43,75.145836,0.5198225716284242
USO,0.0385,S,766,666,130.91,69.097,124,40.5,25.66,2.3,52.78,39.609684,0.9472156178381546
PBR-A,0.0386,M,387,519,16.66,13.439834,15,5,20.05,2.2,80.67,4.1237626,0.9003601523039649
AKAM,0.0388,F,750,848,112.84,33.07,70,80,32.93,4.61,29.310000000000002,41.638374,0.620347414673698
SPHR,0.0388,M,1558,519,159.79,62.035,155,37,20.16,5.36,38.82,,0.9700231961487384
BANC,0.0392,F,1929,519,18.94,18.378,12.5,10.3,20.380000000000003,1.98,97.03,,0.6599788620661701
SQM,0.0398,M,966,519,75.38,20.488,45,46,20.72,3,27.18,26.356644,0.5969753467715808
GS,0.0405,F,51,757,1021.65,366.451,990,345,30.669999999999998,1.95,35.870000000000005,16.076319,0.9690206786495068
STNG,0.0408,F,1684,519,79.2,67.826,77.5,18.5,21.21,3,85.64,4.9345794,0.9785353912405685
SKYT,0.0411,S,2436,519,32.46,3.681,27,12.4,21.38,1.01,11.34,13.871795,0.8317929994309684
BURL,0.0413,F,646,519,337.5,29.526,320,90,21.48,3.27,8.75,34.72222,0.9481481481481482
HST,0.0414,F,757,519,23.15,9.326,19.13,9,21.51,1.88,40.29,15.433333,0.8263499056253767
JEF,0.0422,F,999,519,53.55,51.953,45,20.3,21.94,2.63,97.02,14.9581,0.8403361464262483
AS,0.0423,M,667,519,34.02,10.404,25,16.5,21.990000000000002,3.76,30.580000000000002,35.072163,0.7348618360848603
AMAT,0.0426,F,35,519,496.17,32.275,155,451,22.14,4.4,6.5,44.45968,0.31239292138837665
GEV,0.0429,M,58,848,987.46,44.895,860,487,36.41,3.93,4.55,28.822536,0.8709213343968818
RXT,0.0431,M,2963,519,3.35,-4.884,1,3.1,22.39,9.23,-145.79,,0.29850747118444504
ASML,0.0437,M,23,519,1751.73,1.184633,1420,730,22.74,2.52,0.06999999999999999,61.356567,0.810627217569239
WDC,0.0441,F,110,519,462.09,20.915,190,378,22.919999999999998,6.61,4.53,18.417297,0.41117531542723057
GS,0.0445,F,51,519,1021.65,366.451,890,368,23.13,1.95,35.870000000000005,16.076319,0.8711398020182435
LRN,0.0453,M,1788,519,84.17,39.739,70,34,23.56,3.23,47.21,11.739191,0.8316502497659153
RH,0.0453,M,1871,519,169.97,3.012,80,130,23.549999999999997,4.38,1.77,32.812744,0.47067129155409826
SNDL,0.0462,M,3947,519,1.25,3.072973,1,0.55,24,3.99,245.84,,0.8
NVAX,0.0469,S,2562,519,8.44,-1.157,1,9.5,24.41,3.62,-13.71,,0.11855363962690137
FBIN,0.0472,M,1417,519,46.49,19.338,35,22.9,24.54,3.18,41.6,37.491936,0.7528500481042416
ABR,0.0476,M,2860,519,5.13,11.346,5,1.4,24.759999999999998,3.01,221.17,57,0.9746588476528552
GDRX,0.0481,M,3710,519,3.52,1.904,2.5,1.9,25,4.08,54.09,58.583336,0.7112375321161347
VNO,0.0482,M,1220,519,38.38,25.708,35,13,25.069999999999997,2.49,66.97999999999999,1279.3334,0.9119332732139181
AKAM,0.0488,F,750,519,112.84,33.07,90,51.5,25.4,4.61,29.310000000000002,41.638374,0.7975895331518974
UNG,0.0488,S,4783,519,9.97,12.197,9,3.5,25.380000000000003,1.57,122.34,,0.9027081001956802
VRNS,0.0488,M,1525,519,42.28,3.87,30,23,25.35,4.35,9.15,,0.7095553658031327
DOMO,0.0493,S,4533,519,3.98,-4.126,3,2,25.629999999999995,3.12,-103.67,,0.753768840608794
MCHP,0.0494,F,410,519,77.08,11.88,55,41.9,25.71,3.66,15.409999999999998,115.04478,0.7135443525358234
CAR,0.0496,M,1503,848,141.46,-95.977,95,106,42.089999999999996,3.6,-67.85,,0.6715679025249702
UWMC,0.0497,M,3453,519,1.43,0.391,1,0.8,25.869999999999997,8.04,27.339999999999996,,0.6968641392856347
WDC,0.0499,F,110,848,462.09,20.915,230,428,42.4,6.61,4.53,18.417297,0.49773853972770016
SMTC,0.0501,M,924,519,125.36,6.156,65,93,26.040000000000003,7.98,4.91,,0.5185066981774779
GS,0.0504,F,51,575,1021.65,366.451,1020,298,29.01,1.95,35.870000000000005,16.076319,0.9983849416388858
GLW,0.0505,F,138,519,152.46,13.863,72.5,120,26.26,5.62,9.09,73.652176,0.4755345455025857
REI,0.0517,M,3803,519,1.34,2.892,1,0.7,26.87,4.48,215.82,,0.746268638127311
GOOS,0.052,M,3636,519,8.54,3.8821003,8,2.85,27.05,2.29,45.46,19.860464,0.9367681540673148
AMPY,0.0526,F,4430,519,4.83,10.634,4,2.15,27.33,4.81,220.17000000000002,9.470589,0.8281573629779281
PBI,0.0527,M,2180,519,16.09,-6.299,4,16.5,27.41,2.44,-39.15,13.081301,0.2486016135529151
JBLU,0.0529,S,2320,848,4.9,4.206,4,3.1,44.9,4.78,85.84,,0.8163265147242933
TGB,0.0529,M,1897,519,8.47,1.6764579,3,7.8,27.51,4.08,19.79,423.50003,0.3541912521157889
FTAI,0.053,M,637,519,210.91,3.936,175,94,27.54,5.16,1.87,46.05022,0.8297377884472499
LITE,0.0533,F,257,848,827.6,52.414,670,532,45.24,9.27,6.329999999999999,,0.8095698643848348
AGIO,0.0536,S,2216,519,35.12,17.214,20,24.9,27.85,3.89,49.01,,0.5694760993242055
UMC,0.0539,M,383,519,18.12,5.5356483,3,20.2,28.04,3.11,30.55,17.940596,0.16556290623918762
UNFI,0.0543,M,1969,519,46.79,26.326,40,20,28.23,3.03,56.26,,0.8548835053928355
RH,0.0546,M,1871,848,169.97,3.012,145,103.7,46.32,4.38,1.77,32.812744,0.8530917159418031
ZETA,0.0548,F,1291,519,28.79,3.701,25,12,28.52,4.81,12.86,,0.8683570408126219
SMG,0.055,M,1775,519,61.13,-4.923,57.5,21.1,28.58,3.37,-8.05,22.981203,0.9406183378915627
BBBY,0.0554,S,3625,519,4.27,2.627,2.5,3,28.810000000000002,6,61.519999999999996,,0.5854800962920718
BHF,0.0555,F,1915,547,53.28,113.897,50,19.5,30.44,3.84,213.77,4.2252183,0.9384384599390908
IOVA,0.0556,S,1762,519,7.99,1.625,7.5,2.8,28.910000000000004,6.31,20.34,,0.9386733685663684
UAA,0.0559,M,2839,519,5.19,3.325,5,1.7,29.09,3.3,64.07000000000001,,0.9633911261800226
NWL,0.0559,F,2045,519,6.16,5.762,5,2.95,29.060000000000002,3.73,93.54,,0.8116883317944498
CDLX,0.0567,S,5630,519,4.71,-2.756,1.5,4.6,29.509999999999998,8.4,-58.51,,0.31847133500027236
VFF,0.0568,S,3996,519,2.47,2.578,2,1.2,29.549999999999997,5.9,104.37,13.722221,0.8097165898112642
RUN,0.0579,S,2119,519,9.8,14.185,8,4.75,30.099999999999998,5.45,144.74,6.6666665,0.8163265147242933
SIG,0.0581,M,1826,519,85.24,47.788,85,26,30.220000000000002,3.45,56.06,12.039548,0.9971844454506781
TSEM,0.0582,M,567,519,226.46,27.202,130,165,30.270000000000003,7.09,12.01,95.15126,0.5740527958398206
NNDM,0.0583,S,3811,519,1.65,2.286,1.5,0.65,30.3,3.59,138.54999999999998,,0.9090909222269191
BHF,0.0585,F,1915,519,53.28,113.897,50,19.5,30.44,3.84,213.77,4.2252183,0.9384384599390908
GEV,0.0587,M,58,519,987.46,44.895,890,398.8,30.520000000000003,3.93,4.55,28.822536,0.9013023111781684
WVE,0.0588,S,2789,519,5.36,2.762,3,4,30.599999999999998,4.9,51.53,,0.5602240876404432
HIVE,0.0589,S,2998,848,3,1.56,3,1.5,50,8.23,52,,1.0
JMIA,0.0589,S,3029,519,6.43,0.106,5,3.4,30.64,5.09,1.6500000000000001,,0.7782100936292925
FSLR,0.0593,F,596,519,222.4,96.031,130,161,30.85,4.09,43.18,22.464647,0.5845323901425475
GO,0.06,M,2752,519,11.05,8.241,10,4.5,31.22,5.53,74.58,,0.90497735994473
XRX,0.0602,M,3717,757,2.85,2.461,2,2.15,45.61,4.44,86.35000000000001,,0.7017544094471985
PRMB,0.0614,M,1116,519,23.65,8.222,22.5,8.7,31.919999999999998,2.69,34.77,78.83333,0.9513742225336349
PDYN,0.0615,S,3949,519,6.29,1.619,5,3.3,31.96,5.16,25.740000000000002,,0.7949125644393494
KNX,0.0625,F,941,519,69.74,42.899,67.5,24.9,32.49,3.04,61.51,258.29626,0.9678807293893935
VIAV,0.0628,F,1048,519,38.74,5.864,27,24.4,32.68,6.68,15.14,,0.6969540224622048
SWBI,0.0633,M,3252,519,13.92,8.442,12,6.5,32.9,1.66,60.650000000000006,33.95122,0.862068960792339
KGS,0.064,F,1347,519,60.03,21.41,57.5,22.5,33.269999999999996,4.4,35.67,71.46429,0.9578544256081275
NUVB,0.0646,S,2077,519,7.26,0.726,5,4.7,33.61,5.46,10,,0.6887052124473673
SCO,0.0646,M,,519,26.2,,21,14,33.589999999999996,4.16,,,0.8015266942169337
PZZA,0.0647,M,3066,519,23.2,-13.763,22.5,8.5,33.62,3.18,-59.31999999999999,29.012499,0.9698275543138059
ABCL,0.0655,S,1702,519,12.01,2.924,12,4.1,34.050000000000004,8.4,24.349999999999998,,0.9991673414911527
DQ,0.0655,S,2841,519,14.47,64.916,13,6.4,34.07,4.45,448.62,,0.8987210413319082
UPWK,0.0657,S,2757,519,8.72,4.61,7.5,4.2,34.17,4.46,52.87,10.898749,0.8601904023545333
ALAB,0.0659,S,359,519,289.02,9.947,65,323,34.25,7.82,3.44,148.97937,0.22489793948793357
CALY,0.0662,S,1951,519,16.14,12.074,15,6.7,34.449999999999996,3.01,74.81,37.53488,0.9293680648848358
JBL,0.0669,M,473,519,322.77,12.621,260,175,34.77,4.34,3.91,42.35827,0.8055271829779284
JBLU,0.0673,S,2320,666,4.9,4.206,4,3.1,44.9,4.78,85.84,,0.8163265147242933
ABTC,0.0678,S,4525,519,7.32,9.229,5,4.9,35.25,6.72,126.08,,0.6830600932711699
LC,0.0679,M,2133,519,20.1,13.191,20,7.2,35.32,4.24,65.63,12.806666,0.9950248567377185
NEXT,0.0681,M,2344,519,6.72,-0.216,1,8.1,35.42,4.98,-3.2099999999999995,,0.14880952845557763
AGQ,0.0684,M,,519,81.88,,54,57,35.56,3.69,,,0.6595017319415682
CAR,0.0684,M,1503,666,141.46,-95.977,130,76,45.62,3.6,-67.85,,0.9189876560868014
KLAC,0.0687,F,67,519,187.27,4.86,98,156.2,35.74,4.19,2.6,53.201706,0.5233085799337028
VFC,0.0687,F,1402,519,14.37,9.454,3,16.5,35.699999999999996,3.22,65.79,20.826086,0.20876826888598693
CIEN,0.0693,M,331,666,399.47,20.426,360,224,46.19,7.03,5.11,134.95609,0.9011940794049855
RDDT,0.07,S,627,666,151.71,17.084,90,132.5,46.660000000000004,5.69,11.26,36.733658,0.5932370708396618
OCGN,0.0706,S,3489,519,1.39,-0.049,1,0.9,36.69,5.48,-3.53,,0.7168458879374554
LDI,0.0708,F,4349,519,0.95,1.438,0.5,0.8,36.84,8.82,151.37,,0.5288207207049322
FLEX,0.0714,F,411,519,113.03,14.89,55,100,37.13,5.22,13.170000000000002,46.5144,0.4865964840660873
FNKO,0.0714,S,3860,519,5.98,3.352,5,3.2,37.12,9.28,56.05,,0.836120398670948
VICR,0.0722,M,1189,519,217.35,18.098,155,144,37.57,6.79,8.33,69.440895,0.7131354757182723
LWLG,0.0725,M,2878,519,6.1,0.676,4,4.4,37.7,8.79,11.08,,0.6557377151698396
CGC,0.0735,M,3563,519,1.02,1.1729105,1,0.41,38.24,4.32,114.99,,0.9756097787905851
CLOV,0.0747,S,2324,519,4.22,0.711,4,1.86,38.86,5.23,16.85,,0.9478673457039061
AGQ,0.0747,M,,848,81.88,,77,56.8,63.41,3.69,,,0.9404006177685325
WOOF,0.0748,S,3127,519,2.88,4.136,2.5,1.5,38.89,4.27,143.60999999999999,143.5,0.8695652173913043
DNUT,0.0751,M,3310,519,3.38,3.578,3,1.7,39.050000000000004,6.26,105.86,,0.8875739344453326
ANET,0.0753,F,72,519,186.45,11.733,185,74.5,39.18,4.06,6.29,60.931374,0.9922231323573327
CRML,0.0754,M,2951,519,5.89,1.186,5,3.2,39.22,6.6,20.14,,0.8488820220466653
CSIQ,0.0757,M,2784,519,15.64,41.727,15,6.8,39.39,4.69,266.8,,0.9590792628341602
CODI,0.0758,M,2937,519,11.62,-0.07,10,6.2,39.410000000000004,5.39,-0.6,,0.8605852064101688
UROY,0.0762,S,2437,519,4.19,2.134,4,1.85,39.62,5.11,50.93,13.966666,0.9546539249103256
ALK,0.0768,F,1564,519,41.23,32.895,37.5,20.2,39.95,4.16,79.78,,0.909531904350004
BLMN,0.0771,M,2926,519,10.35,5.044,10,4.5,40.1,5.07,48.730000000000004,32.343754,0.9661835392686212
LXU,0.0771,M,3051,519,10.78,7.555,10,5.1,40.07,3.64,70.08,21.5614,0.9275835753264906
GPRE,0.0772,M,2721,519,16.41,12.41,15,8,40.160000000000004,3.28,75.62,9.823354,0.9143553411863464
VUZI,0.0772,M,4350,519,2.64,0.289,2,1.7,40.150000000000006,4.71,10.95,,0.7575757274724029
NAK,0.0774,S,2892,519,1.64,0.05453988,1.5,0.8,40.239999999999995,4.36,3.3300000000000005,,0.9151921578764426
HELE,0.0775,M,3232,519,27.44,36.225,25,13.5,40.31,4.69,132.02,,0.9110786994690773
TBCH,0.0775,S,4303,519,12.83,5.705,12.5,5.5,40.300000000000004,6.38,44.47,,0.9742790393087757
WYFI,0.0777,M,3007,519,21.01,12.582,20,9.5,40.410000000000004,12.86,59.89,,0.9517011934747709
BLZE,0.0777,S,2817,848,16.27,1.433,10,17,65.95,8.66,8.81,,0.6146281326764332
COGT,0.0796,S,1308,519,36.85,2.724,35,17.1,41.38,4.14,7.39,,0.9497965115135539
LFMD,0.08,S,4565,519,3.46,0.316,3,1.9,41.620000000000005,9.97,9.13,,0.8670520135620204
HPP,0.0801,F,3038,519,14.47,44.083,12.5,8,41.67,4.5,304.65,,0.8638562383777124
ZSL,0.0801,S,,519,24,,9,25,41.67,5.13,,,0.375
INDI,0.0803,M,3002,519,3.88,1.552,3.5,2,41.75,11.39,40,,0.9032258064516129
AREC,0.0805,S,3998,519,2.82,0.886,2.5,1.5,41.839999999999996,7.83,31.419999999999998,,0.8865248436815313
MOD,0.0807,F,1001,519,195.14,22.627,145,132,41.949999999999996,5.71,11.600000000000001,74.76629,0.7430562696193787
MBI,0.0808,M,4165,519,5.14,-45.594,3,4.3,42.02,4.24,-887.04,,0.5836576027094742
BTBT,0.0812,S,3358,519,1.54,1.088,1.5,0.69,42.21,8.8,70.65,,0.9740259981533397
LION,0.0817,M,1798,519,11.58,-4.096,5,11.5,42.49,5.31,-35.370000000000005,,0.4317789320329981
SANA,0.0817,M,2717,519,3.86,0.442,2.5,3,42.49,6.03,11.450000000000001,,0.6485084274009555
CCOI,0.0821,M,3428,519,9.95,-0.712,7.5,6.7,42.71,9.46,-7.16,,0.7537688586703518
PLAY,0.0827,M,3727,519,10.63,2.863,10,5.2,42.99,5.41,26.93,,0.9407337622146345
DGXX,0.0835,M,3723,519,3.66,1.759,3,2.25,43.44,6.81,48.06,,0.8196721119254039
GGAL,0.0836,M,1424,519,41.47,3.5932136,37,22.5,43.480000000000004,4.54,8.66,115.19444,0.8922112107758617
SPCE,0.0837,M,3497,519,3.1,2.804,3,1.45,43.55,7.14,90.45,,0.9693053222190476
AKBA,0.084,S,4252,519,0.87,0.092,0.5,0.75,43.68,9.13,10.57,,0.5749770022441533
SLS,0.084,M,1982,519,13.85,0.592,12,7.9,43.68,6.81,4.2700000000000005,,0.8664259689158644
SGMT,0.0843,S,3237,519,10.36,3.144,10,4.9,43.82,6.36,30.349999999999998,,0.9652509972386709
DDD,0.0845,S,3366,519,3.3,1.646,3,1.75,43.94,5.97,49.88,,0.9104703886302343
SOC,0.0852,M,2859,519,4.99,2.806,4,3.2,44.29,9.96,56.230000000000004,,0.8008008191480241
CWH,0.0855,M,3633,519,6.3,3.849,5,4.1,44.440000000000005,4.6,61.1,,0.7936507696227189
ARVN,0.0857,S,3267,519,9.34,8.609,7,6.5,44.54,3.03,92.17,35.92308,0.7494646558501894
TLRY,0.0858,M,3241,519,4.62,3.018,4.5,2.18,44.59,4.75,65.32,,0.9742368566530862
GRPN,0.086,S,3041,519,19.28,-1.78,18,9.9,44.71,5.64,-9.229999999999999,,0.9336099252562727
IQ,0.0863,S,3338,519,1.07,2.047199,1,0.55,44.86,7.14,191.33,,0.9344921473480805
JBLU,0.0863,S,2320,519,4.9,4.206,4,3.1,44.9,4.78,85.84,,0.8163265147242933
CAR,0.0877,M,1503,519,141.46,-95.977,130,76,45.62,3.6,-67.85,,0.9189876560868014
XRX,0.0877,M,3717,519,2.85,2.461,2,2.15,45.61,4.44,86.35000000000001,,0.7017544094471985
GEVO,0.0879,M,3716,519,1.51,1.141,1.5,0.7,45.7,4.29,75.56,,0.9900990192498218
RZLV,0.0885,S,2826,519,2.5,0.734,2.5,1.15,46,4.11,29.360000000000003,,0.9988014299018426
RXRX,0.089,S,2310,519,3.5,1.71,3.5,1.62,46.29,4.43,48.86,,1.0
DNA,0.0891,S,3620,519,7.38,6.597,5,5.8,46.339999999999996,5.93,89.39,,0.6775067645617214
OSG,0.0894,M,4381,519,4.71,15.831,3,3.9,46.5,5.41,336.11,,0.6369426700005447
CRMD,0.0896,S,3203,519,8.39,5.575,8,4.3,46.6,6.68,66.45,3.8495412,0.9532888239873176
ASST,0.0897,S,2700,519,15.48,7.885,15,7.7,46.64,5.82,50.94,,0.9689922767163736
WTI,0.0898,M,3261,519,4.09,-1.491,4,2,46.7,3.43,-36.449999999999996,,0.9779950735378471
ARRY,0.0905,S,3105,519,4.76,-1.312,3,4,47.06,5.11,-27.560000000000002,,0.629590783643114
LZ,0.0907,M,2805,519,5.98,0.759,3,5.8,47.160000000000004,4.58,12.690000000000001,66.39444,0.5020500286796539
PRME,0.0908,S,3305,519,3.26,0.225,3,1.8,47.24,5.98,6.9,,0.9216589537709687
RILY,0.0908,M,3988,519,7.54,2.2,7.5,3.6,47.21,5.66,29.18,0.61702126,0.9946949652446422
ENVX,0.0917,S,3125,519,3.27,0.982,3,1.83,47.71,12.97,30.03,,0.9188361113660815
AMC,0.0931,M,2162,519,2.52,-1.627,2.5,1.24,48.41,5.73,-64.56,,0.9920634995722657
PRTA,0.0931,S,3537,519,8.76,5.544,7,6,48.4,4,63.29,,0.7990867371122786
AGEN,0.0934,S,3931,519,7,-5.743,7,3.4,48.57,9.98,-82.04,2.3411372,1.0
NRGV,0.0936,S,3161,519,3.8,0.038,3,2.65,48.68,8.32,1,,0.7905138180997581
ASTL,0.0938,S,3492,519,4.47,2.0171063,4,2.65,48.77,8.1,45.129999999999995,,0.8948546281315375
EU,0.0945,S,4336,519,1.14,1.312,1,0.7,49.120000000000005,8.02,115.09,,0.8771929934634618
BZAI,0.0953,S,4566,519,1.17,0.207,1,0.75,49.57,8.21,17.69,,0.8547008860510964
WDC,0.0954,F,110,666,462.09,20.915,420,336,63.6,6.61,4.53,18.417297,0.9089138551549307
BKKT,0.0962,S,3876,519,7.4,4.419,5,6.1,50,5.94,59.72,,0.6756756669679118
HIVE,0.0962,S,2998,519,3,1.56,3,1.5,50,8.23,52,,1.0
DAVE,0.0964,M,1691,519,345.05,16.298,320,198,50.12,5.19,4.72,22.218287,0.9274018586315707
VERI,0.0981,M,4714,519,1.49,0.527,1,1.25,51.01,7.19,35.370000000000005,,0.6711409353016787
METC,0.0998,M,3304,519,11.39,5.937,10,7.3,51.89,8.19,52.12,,0.877963099084749
GSIT,0.1007,M,4175,519,6.76,2.461,5,5.3,52.370000000000005,5.3,36.41,,0.7396449453711105
NUAI,0.1027,S,3331,519,5.41,1.301,5,3.3,53.42,9.98,24.05,,0.9250693442946767
SABR,0.1036,M,2976,519,2.08,-2.632,2,1.2,53.849999999999994,5.99,-126.54,,0.9638553995372496
HUMA,0.1049,S,4663,519,0.55,0.052,0.5,0.35,54.55,9.73,9.45,,0.9090908893868948
KOPN,0.1069,S,2914,519,4.82,0.344,4.5,3,55.60000000000001,7.47,7.140000000000001,120.50001,0.9336099252562727
GSM,0.1074,M,3122,519,3.85,3.813,2,4,55.84,4.94,99.03999999999999,,0.5194805323484478
LAC,0.1076,M,2773,519,2.95,3.869,2.5,2.1,55.93,5,131.15,,0.8460237105064253
NAMS,0.1077,S,1808,519,28.53,5.367,22.5,22,55.98,3.96,18.81,,0.788643514142358
TSSI,0.1084,M,3856,519,11.96,2.804,10,8.7,56.35,4.9,23.44,23,0.836120398670948
SATL,0.1092,S,3080,519,5.23,0.446,5,3.2,56.79,7.36,8.53,,0.9560229410641127
BETR,0.1128,M,4451,519,15,3.104,15,8.8,58.67,12.11,20.69,,1.0
MLTX,0.1141,S,2544,519,16.63,5.122,12.5,14,59.35,3.61,30.8,,0.751653675935831
EVLV,0.1154,S,2833,519,5.5,0.657,5,3.8,60,4.75,11.95,,0.9090909090909091
CTMX,0.1162,S,3074,519,3.46,1.386,3,2.55,60.4,3.71,40.06,,0.8658008872474131
TROX,0.1165,M,2898,519,5.73,7.27,5,4.2,60.56,5.47,126.88,,0.8726003461355095
WING,0.1172,M,1850,519,120.53,-28.377,95,99,60.96,6.21,-23.54,28.49409,0.7881855219625034
EDIT,0.1208,S,3505,519,3.04,0.686,2.5,2.45,62.83,5.74,22.57,,0.8233705648886371
ACB,0.1223,S,4275,519,3.79,5.9749875,3,3.2,63.59,5.37,157.65,,0.7915567361993385
MBOT,0.1225,S,4826,519,1.68,1.103,1.5,1.25,63.690000000000005,6.29,65.64999999999999,,0.8928571707334657
OLMA,0.1229,S,2857,519,10.98,4.923,10,8,63.93,3.76,44.84,,0.9107468503558126
DOCN,0.1234,S,836,519,116.66,8.864,57.5,134,64.14999999999999,8.8,7.6,56.907322,0.49288529225955896
AIP,0.1255,M,2686,519,24.51,1.38,17.5,23,65.24,5.13,5.63,,0.7138486818559518
HUT,0.1258,S,1021,519,82.08,11.71,42,93.75,65.39,8.16,14.27,,0.5116958950177489
EVGO,0.1282,S,4279,519,1.65,-0.145,1.5,1.25,66.67,7.06,-8.790000000000001,,0.9090909222269191
EYPT,0.1282,S,3451,519,5.7,0.396,2.5,7,66.67,14.36,6.950000000000001,,0.43821210051409815
VSTM,0.1282,S,3251,519,6.9,0.552,5,6.5,66.67,7.01,8,,0.7246376711439372
PHAT,0.1289,S,3114,519,8.98,-4.3,7.5,7.5,67.04,5.25,-47.88,,0.8356545605819592
CABA,0.1293,S,3438,519,2.96,1.256,2.5,2.45,67.23,6.49,42.43,,0.8445945837098897
PROK,0.1305,S,4060,519,1.4,-4.295,1,1.35,67.86,7.68,-306.78999999999996,,0.7117437867353402
ALGM,0.1336,M,1228,519,38.35,5.175,37.5,27.5,69.49,6.55,13.489999999999998,547.8571,0.977835762504797
TRON,0.136,M,3050,519,1.64,0.911,1.5,1.3,70.73,6.56,55.55,,0.9146341543194796
SFIX,0.1382,M,3704,519,3.2,1.51,2.5,3,71.87,5.62,47.19,,0.781249988358468
FIP,0.1399,M,3535,519,3.82,-2.79,3,3.6,72.77,6.34,-73.04,,0.7853403278605035
CAPR,0.1412,M,4244,519,4.21,4.833,3,4.3,73.4,9.16,114.8,,0.7125890671774072
PACB,0.1421,S,3771,519,1.15,-0.107,1,1,73.91,8.57,-9.3,,0.8695652354191746
SLDP,0.1425,S,3423,519,2.24,2.208,2,1.9,74.11,4.16,98.57000000000001,,0.8928571390558262
ASPN,0.1527,F,3559,519,5.24,2.319,5,4.4,79.39,4.44,44.26,,0.9532888673203533
AVXL,0.1606,S,3987,519,3.27,1.313,3,3,83.49,4.66,40.150000000000006,,0.9174311980118077
ALHC,0.1613,M,2031,519,12.78,1.28,2.5,21,83.88,4.86,10.02,67.26316,0.19561815745193142
NPWR,0.1757,S,4692,519,1.62,2.332,1.5,1.6,91.36,5.3,143.95,,0.9259259232005193
ARDX,0.1885,S,2795,519,4.04,0.598,3,5,98.02,3.44,14.799999999999999,,0.7425926704062329
ALT,0.2885,S,3315,519,3,2.438,2.5,5,150,4.93,81.27,,0.8335834167320063
BMBL,0.3026,S,3765,519,2.72,3.914,2,5,157.35,6.88,143.9,,0.7352941099128922
LPSN,0.3398,S,5574,519,2.53,-9.886,2,5,176.68,10.11,-390.75,,0.7905138429315346

[Cheap Protective Options List - Low Volatile]
Symbol,days,burn_ratio,Strength,Rank,Intrinsic,ltp,strike,Put Premium,Premium %,GAP %,Total %,Risk,Volatility%,IV,Details
SLRC,29,0.0948,M,3153,18,12.73,12.5,0.35,2.75,1.81,4.5600000000000005,HIGH-RISK,1.41,MEDIUM,(Stock Name: SLR Investment Corp.; Sector: Financial Services; Strength: M - Fundamental and Momentum Influence ; Intrinsic: 18.0; Revenue: 21.0cr; Net Profit: 7.0cr; Recommended: buy; Projected High: 18.0; Projected Medium: 14.25; Projected Low: 12.0; All time high: 25.95 => 51.0%; SMA 200: 14.33 => -12.59%; RSI: 46.51; Day Volatility: 1.41; Week Volatility: 4.25; Month Volatility: 12.12; Day Trend: Downtrend; Week Trend: Downtrend; Month Trend: Downtrend; Day Support: 13.64 => -7.15%; Week Support: 13.95 => -9.58%; Month Support: 13.64 => -7.15%; Day NWE: 11.72 => 7.91%; Week NWE: 11.41 => 10.37%; Month NWE: 11.96 => 6.08%)
CIM,29,0.1476,M,2842,28.85,11.69,12,0.5,4.279999999999999,-2.65,1.63,MODERATE,1.41,LOW,(Stock Name: Chimera Investment Corporation; Sector: Real Estate; Strength: M - Fundamental and Momentum Influence ; Intrinsic: 28.85; Revenue: 22.0cr; Net Profit: -8.0cr; Recommended: hold; Projected High: 15.5; Projected Medium: 14.0; Projected Low: 13.0; All time high: 68.97 => 83.0%; SMA 200: 12.95 => -10.78%; RSI: 32.05; Day Volatility: 1.41; Week Volatility: 4.92; Month Volatility: 12.16; Day Trend: Downtrend; Week Trend: Downtrend; Month Trend: Downtrend; Day Support: 11.67 => 0.17%; Week Support: 11.67 => 0.17%; Month Support: 9.85 => 15.74%; Day NWE: 11.25 => 3.75%; Week NWE: 11.29 => 3.46%; Month NWE: 0.93 => 92.03%)

[Cheap Protective Options List - High Volatile]
Symbol,days,burn_ratio,Strength,Rank,Intrinsic,ltp,strike,Put Premium,Premium %,GAP %,Total %,Risk,Volatility%,IV,Details
MTUS,29,0.1341,M,3026,16.4,19.28,20,0.75,3.8899999999999997,-3.73,0.15999999999999973,MODERATE,4.17,MEDIUM,(Stock Name: Metallus Inc.; Sector: Basic Materials; Strength: M - Mixed (both fundamentals + momentum/news driven); Intrinsic: 16.4; Revenue: 122.0cr; Net Profit: 1.0cr; Recommended: none; Projected High: 24.0; Projected Medium: 22.5; Projected Low: 21.0; All time high: 50.83 => 62.0%; SMA 200: 18.57 => 3.67%; RSI: 37.1; Day Volatility: 4.17; Week Volatility: 10.39; Month Volatility: 19.42; Day Trend: Downtrend; Week Trend: Downtrend; Month Trend: Downtrend; Day Support: 14.19 => 26.4%; Week Support: 14.19 => 26.4%; Month Support: 10.78 => 44.09%; Day NWE: 19.19 => 0.48%; Week NWE: 16.61 => 13.86%; Month NWE: 12.99 => 32.61%)
LAES,8,0.5425,M,3341,2.32,2.54,2.5,0.11,4.34,1.38,5.72,HIGH-RISK,6.96,HIGH,(Stock Name: SEALSQ Corp; Sector: Technology; Strength: M - Fundamental and Momentum Influence ; Intrinsic: 2.32; Revenue: 2.0cr; Net Profit: -3.0cr; Recommended: none; Projected High: 8.0; Projected Medium: 5.875; Projected Low: 3.75; All time high: 28.5 => 91.0%; SMA 200: 3.54 => -39.55%; RSI: 44.76; Day Volatility: 6.96; Week Volatility: 15.84; Month Volatility: 46.21; Day Trend: Downtrend; Week Trend: Downtrend; Month Trend: Downtrend; Day Support: 0.0 => 100.0%; Week Support: 0.29 => 88.56%; Month Support: 0.29 => 88.56%; Day NWE: 2.02 => 20.27%; Week NWE: 1.07 => 57.87%; Month NWE: 0.0 => 100.0%)

[Cheap Call and Put Options List]
Symbol,days,burn_ratio,Strength,Rank,Intrinsic,ltp,strike,Call Premium,Put Premium,Total Premium,Total %,Risk,Volatility%,IV,Details
ET,29,0.161,F,262,9.29,21.18,21,0.5,0.49,0.99,4.67,MODERATE,1.54,LOW,(Stock Name: Energy Transfer LP; Sector: Energy; Strength: F - Financials / REITs / Infrastructure ; Intrinsic: 9.29; Revenue: 10738.0cr; Net Profit: 505.0cr; Recommended: strong_buy; Projected High: 27.0; Projected Medium: 24.0; Projected Low: 22.0; All time high: 35.44 => 40.0%; SMA 200: 18.62 => 12.09%; RSI: 62.47; Day Volatility: 1.54; Week Volatility: 3.33; Month Volatility: 7.51; Day Trend: Downtrend; Week Trend: Downtrend; Month Trend: Downtrend; Day Support: 16.18 => 23.61%; Week Support: 16.18 => 23.61%; Month Support: 14.6 => 31.07%; Day NWE: 19.85 => 6.26%; Week NWE: 17.99 => 15.05%; Month NWE: 15.1 => 28.71%)
ABTC,29,0.1648,S,4525,9.23,7.32,0.5,0.2,0.15,0.35,4.78,HIGH-RISK,6.72,HIGH,(Stock Name: American Bitcoin Corp.; Sector: Financial Services; Strength: S - High risk / news-driven / retail hype / biotech-heavy; Intrinsic: 9.23; Revenue: 27.0cr; Net Profit: -19.0cr; Recommended: buy; Projected High: 15.0; Projected Medium: 15.0; Projected Low: 15.0; All time high: 145300.0 => 100.0%; SMA 200: 2.58 => 64.73%; RSI: 63.95; Day Volatility: 6.72; Week Volatility: 25.04; Month Volatility: 32.13; Day Trend: Downtrend; Week Trend: Downtrend; Month Trend: Downtrend; Day Support: 0.63 => 91.39%; Week Support: 0.63 => 91.39%; Month Support: 0.63 => 91.39%; Day NWE: 4.94 => 32.57%; Week NWE: 1.65 => 77.53%; Month NWE: -4.46 => 160.97%)
ET,22,0.2145,F,262,9.29,21.18,20.5,0.77,0.23,1,4.72,MODERATE,1.54,LOW,(Stock Name: Energy Transfer LP; Sector: Energy; Strength: F - Financials / REITs / Infrastructure ; Intrinsic: 9.29; Revenue: 10738.0cr; Net Profit: 505.0cr; Recommended: strong_buy; Projected High: 27.0; Projected Medium: 24.0; Projected Low: 22.0; All time high: 35.44 => 40.0%; SMA 200: 18.62 => 12.09%; RSI: 62.47; Day Volatility: 1.54; Week Volatility: 3.33; Month Volatility: 7.51; Day Trend: Downtrend; Week Trend: Downtrend; Month Trend: Downtrend; Day Support: 16.18 => 23.61%; Week Support: 16.18 => 23.61%; Month Support: 14.6 => 31.07%; Day NWE: 19.85 => 6.26%; Week NWE: 17.99 => 15.05%; Month NWE: 15.1 => 28.71%)
ET,15,0.2893,F,262,9.29,21.18,21,0.45,0.47,0.9199999999999999,4.34,MODERATE,1.54,LOW,(Stock Name: Energy Transfer LP; Sector: Energy; Strength: F - Financials / REITs / Infrastructure ; Intrinsic: 9.29; Revenue: 10738.0cr; Net Profit: 505.0cr; Recommended: strong_buy; Projected High: 27.0; Projected Medium: 24.0; Projected Low: 22.0; All time high: 35.44 => 40.0%; SMA 200: 18.62 => 12.09%; RSI: 62.47; Day Volatility: 1.54; Week Volatility: 3.33; Month Volatility: 7.51; Day Trend: Downtrend; Week Trend: Downtrend; Month Trend: Downtrend; Day Support: 16.18 => 23.61%; Week Support: 16.18 => 23.61%; Month Support: 14.6 => 31.07%; Day NWE: 19.85 => 6.26%; Week NWE: 17.99 => 15.05%; Month NWE: 15.1 => 28.71%)
ET,15,0.3273,F,262,9.29,21.18,20.5,0.85,0.19,1.04,4.91,MODERATE,1.54,LOW,(Stock Name: Energy Transfer LP; Sector: Energy; Strength: F - Financials / REITs / Infrastructure ; Intrinsic: 9.29; Revenue: 10738.0cr; Net Profit: 505.0cr; Recommended: strong_buy; Projected High: 27.0; Projected Medium: 24.0; Projected Low: 22.0; All time high: 35.44 => 40.0%; SMA 200: 18.62 => 12.09%; RSI: 62.47; Day Volatility: 1.54; Week Volatility: 3.33; Month Volatility: 7.51; Day Trend: Downtrend; Week Trend: Downtrend; Month Trend: Downtrend; Day Support: 16.18 => 23.61%; Week Support: 16.18 => 23.61%; Month Support: 14.6 => 31.07%; Day NWE: 19.85 => 6.26%; Week NWE: 17.99 => 15.05%; Month NWE: 15.1 => 28.71%)
ET,8,0.4137,F,262,9.29,21.18,21,0.37,0.33,0.7,3.3099999999999996,MODERATE,1.54,LOW,(Stock Name: Energy Transfer LP; Sector: Energy; Strength: F - Financials / REITs / Infrastructure ; Intrinsic: 9.29; Revenue: 10738.0cr; Net Profit: 505.0cr; Recommended: strong_buy; Projected High: 27.0; Projected Medium: 24.0; Projected Low: 22.0; All time high: 35.44 => 40.0%; SMA 200: 18.62 => 12.09%; RSI: 62.47; Day Volatility: 1.54; Week Volatility: 3.33; Month Volatility: 7.51; Day Trend: Downtrend; Week Trend: Downtrend; Month Trend: Downtrend; Day Support: 16.18 => 23.61%; Week Support: 16.18 => 23.61%; Month Support: 14.6 => 31.07%; Day NWE: 19.85 => 6.26%; Week NWE: 17.99 => 15.05%; Month NWE: 15.1 => 28.71%)
ET,8,0.4725,F,262,9.29,21.18,20.5,0.66,0.14,0.8,3.7800000000000002,MODERATE,1.54,LOW,(Stock Name: Energy Transfer LP; Sector: Energy; Strength: F - Financials / REITs / Infrastructure ; Intrinsic: 9.29; Revenue: 10738.0cr; Net Profit: 505.0cr; Recommended: strong_buy; Projected High: 27.0; Projected Medium: 24.0; Projected Low: 22.0; All time high: 35.44 => 40.0%; SMA 200: 18.62 => 12.09%; RSI: 62.47; Day Volatility: 1.54; Week Volatility: 3.33; Month Volatility: 7.51; Day Trend: Downtrend; Week Trend: Downtrend; Month Trend: Downtrend; Day Support: 16.18 => 23.61%; Week Support: 16.18 => 23.61%; Month Support: 14.6 => 31.07%; Day NWE: 19.85 => 6.26%; Week NWE: 17.99 => 15.05%; Month NWE: 15.1 => 28.71%)
BMY,8,0.5012,F,126,10.93,67.61,65,1.4,1.31,2.71,4.01,MODERATE,1.98,LOW,(Stock Name: Bristol-Myers Squibb Company; Sector: Healthcare; Strength: F - Mega / Blue-chip / Strong Financials; Intrinsic: 10.93; Revenue: 4919.0cr; Net Profit: 928.0cr; Recommended: buy; Projected High: 80.0; Projected Medium: 68.0; Projected Low: 40.0; All time high: 81.44 => 17.0%; SMA 200: 56.94 => 15.79%; RSI: 68.85; Day Volatility: 1.98; Week Volatility: 5.58; Month Volatility: 9.39; Day Trend: Downtrend; Week Trend: Downtrend; Month Trend: Downtrend; Day Support: 42.52 => 37.11%; Week Support: 42.52 => 37.11%; Month Support: 42.52 => 37.11%; Day NWE: 61.24 => 9.42%; Week NWE: 52.82 => 21.88%; Month NWE: 43.4 => 35.81%)
BMY,8,0.525,F,126,10.93,67.61,66,0.96,1.88,2.84,4.2,MODERATE,1.98,LOW,(Stock Name: Bristol-Myers Squibb Company; Sector: Healthcare; Strength: F - Mega / Blue-chip / Strong Financials; Intrinsic: 10.93; Revenue: 4919.0cr; Net Profit: 928.0cr; Recommended: buy; Projected High: 80.0; Projected Medium: 68.0; Projected Low: 40.0; All time high: 81.44 => 17.0%; SMA 200: 56.94 => 15.79%; RSI: 68.85; Day Volatility: 1.98; Week Volatility: 5.58; Month Volatility: 9.39; Day Trend: Downtrend; Week Trend: Downtrend; Month Trend: Downtrend; Day Support: 42.52 => 37.11%; Week Support: 42.52 => 37.11%; Month Support: 42.52 => 37.11%; Day NWE: 61.24 => 9.42%; Week NWE: 52.82 => 21.88%; Month NWE: 43.4 => 35.81%)
BMY,8,0.5275,F,126,10.93,67.61,64,1.97,0.88,2.85,4.22,MODERATE,1.98,LOW,(Stock Name: Bristol-Myers Squibb Company; Sector: Healthcare; Strength: F - Mega / Blue-chip / Strong Financials; Intrinsic: 10.93; Revenue: 4919.0cr; Net Profit: 928.0cr; Recommended: buy; Projected High: 80.0; Projected Medium: 68.0; Projected Low: 40.0; All time high: 81.44 => 17.0%; SMA 200: 56.94 => 15.79%; RSI: 68.85; Day Volatility: 1.98; Week Volatility: 5.58; Month Volatility: 9.39; Day Trend: Downtrend; Week Trend: Downtrend; Month Trend: Downtrend; Day Support: 42.52 => 37.11%; Week Support: 42.52 => 37.11%; Month Support: 42.52 => 37.11%; Day NWE: 61.24 => 9.42%; Week NWE: 52.82 => 21.88%; Month NWE: 43.4 => 35.81%)
ET,8,0.6075,F,262,9.29,21.18,21.5,0.12,0.91,1.03,4.859999999999999,MODERATE,1.54,LOW,(Stock Name: Energy Transfer LP; Sector: Energy; Strength: F - Financials / REITs / Infrastructure ; Intrinsic: 9.29; Revenue: 10738.0cr; Net Profit: 505.0cr; Recommended: strong_buy; Projected High: 27.0; Projected Medium: 24.0; Projected Low: 22.0; All time high: 35.44 => 40.0%; SMA 200: 18.62 => 12.09%; RSI: 62.47; Day Volatility: 1.54; Week Volatility: 3.33; Month Volatility: 7.51; Day Trend: Downtrend; Week Trend: Downtrend; Month Trend: Downtrend; Day Support: 16.18 => 23.61%; Week Support: 16.18 => 23.61%; Month Support: 14.6 => 31.07%; Day NWE: 19.85 => 6.26%; Week NWE: 17.99 => 15.05%; Month NWE: 15.1 => 28.71%)

[Medium Risk and Medium Returns Options List]
Symbol,days,burn_ratio,Strength,Rank,Intrinsic,ltp,strike,Call Premium,Put Premium,Total Premium,Total %,Risk,Volatility%,IV,Details
ABTC,519,0.0197,S,4525,9.23,7.32,0.5,0.4,0.35,0.75,10.25,HIGH-RISK,6.72,HIGH,(Stock Name: American Bitcoin Corp.; Sector: Financial Services; Strength: S - High risk / news-driven / retail hype / biotech-heavy; Intrinsic: 9.23; Revenue: 27.0cr; Net Profit: -19.0cr; Recommended: buy; Projected High: 15.0; Projected Medium: 15.0; Projected Low: 15.0; All time high: 145300.0 => 100.0%; SMA 200: 2.58 => 64.73%; RSI: 63.95; Day Volatility: 6.72; Week Volatility: 25.04; Month Volatility: 32.13; Day Trend: Downtrend; Week Trend: Downtrend; Month Trend: Downtrend; Day Support: 0.63 => 91.39%; Week Support: 0.63 => 91.39%; Month Support: 0.63 => 91.39%; Day NWE: 4.94 => 32.57%; Week NWE: 1.65 => 77.53%; Month NWE: -4.46 => 160.97%)
MVIS,519,0.0285,S,4986,0.88,3.72,0.5,0.15,0.4,0.55,14.78,HIGH-RISK,13.56,HIGH,(Stock Name: Microvision. Inc.; Sector: Technology; Strength: S - Biotech / Pharma (trial-driven) ; Intrinsic: 0.88; Revenue: 0.0cr; Net Profit: -11.0cr; Recommended: none; Projected High: 0; Projected Medium: 0; Projected Low: 0; All time high: 442.8 => 99.0%; SMA 200: 10.3 => -176.84%; RSI: 41.1; Day Volatility: 13.56; Week Volatility: 38.44; Month Volatility: 95.35; Day Trend: Downtrend; Week Trend: Downtrend; Month Trend: Downtrend; Day Support: 0.0 => 100.0%; Week Support: 12.0 => -222.58%; Month Support: 12.0 => -222.58%; Day NWE: 1.79 => 51.77%; Week NWE: 0.09 => 97.66%; Month NWE: -47.45 => 1375.47%)
ABTC,148,0.0507,S,4525,9.23,7.32,0.5,0.3,0.25,0.55,7.51,HIGH-RISK,6.72,HIGH,(Stock Name: American Bitcoin Corp.; Sector: Financial Services; Strength: S - High risk / news-driven / retail hype / biotech-heavy; Intrinsic: 9.23; Revenue: 27.0cr; Net Profit: -19.0cr; Recommended: buy; Projected High: 15.0; Projected Medium: 15.0; Projected Low: 15.0; All time high: 145300.0 => 100.0%; SMA 200: 2.58 => 64.73%; RSI: 63.95; Day Volatility: 6.72; Week Volatility: 25.04; Month Volatility: 32.13; Day Trend: Downtrend; Week Trend: Downtrend; Month Trend: Downtrend; Day Support: 0.63 => 91.39%; Week Support: 0.63 => 91.39%; Month Support: 0.63 => 91.39%; Day NWE: 4.94 => 32.57%; Week NWE: 1.65 => 77.53%; Month NWE: -4.46 => 160.97%)
ABTC,120,0.0626,S,4525,9.23,7.32,0.5,0.3,0.25,0.55,7.51,HIGH-RISK,6.72,HIGH,(Stock Name: American Bitcoin Corp.; Sector: Financial Services; Strength: S - High risk / news-driven / retail hype / biotech-heavy; Intrinsic: 9.23; Revenue: 27.0cr; Net Profit: -19.0cr; Recommended: buy; Projected High: 15.0; Projected Medium: 15.0; Projected Low: 15.0; All time high: 145300.0 => 100.0%; SMA 200: 2.58 => 64.73%; RSI: 63.95; Day Volatility: 6.72; Week Volatility: 25.04; Month Volatility: 32.13; Day Trend: Downtrend; Week Trend: Downtrend; Month Trend: Downtrend; Day Support: 0.63 => 91.39%; Week Support: 0.63 => 91.39%; Month Support: 0.63 => 91.39%; Day NWE: 4.94 => 32.57%; Week NWE: 1.65 => 77.53%; Month NWE: -4.46 => 160.97%)
ABTC,120,0.0854,S,4525,9.23,7.32,1,0.15,0.6,0.75,10.25,HIGH-RISK,6.72,HIGH,(Stock Name: American Bitcoin Corp.; Sector: Financial Services; Strength: S - High risk / news-driven / retail hype / biotech-heavy; Intrinsic: 9.23; Revenue: 27.0cr; Net Profit: -19.0cr; Recommended: buy; Projected High: 15.0; Projected Medium: 15.0; Projected Low: 15.0; All time high: 145300.0 => 100.0%; SMA 200: 2.58 => 64.73%; RSI: 63.95; Day Volatility: 6.72; Week Volatility: 25.04; Month Volatility: 32.13; Day Trend: Downtrend; Week Trend: Downtrend; Month Trend: Downtrend; Day Support: 0.63 => 91.39%; Week Support: 0.63 => 91.39%; Month Support: 0.63 => 91.39%; Day NWE: 4.94 => 32.57%; Week NWE: 1.65 => 77.53%; Month NWE: -4.46 => 160.97%)
ABTC,148,0.0877,S,4525,9.23,7.32,1,0.2,0.75,0.95,12.98,HIGH-RISK,6.72,HIGH,(Stock Name: American Bitcoin Corp.; Sector: Financial Services; Strength: S - High risk / news-driven / retail hype / biotech-heavy; Intrinsic: 9.23; Revenue: 27.0cr; Net Profit: -19.0cr; Recommended: buy; Projected High: 15.0; Projected Medium: 15.0; Projected Low: 15.0; All time high: 145300.0 => 100.0%; SMA 200: 2.58 => 64.73%; RSI: 63.95; Day Volatility: 6.72; Week Volatility: 25.04; Month Volatility: 32.13; Day Trend: Downtrend; Week Trend: Downtrend; Month Trend: Downtrend; Day Support: 0.63 => 91.39%; Week Support: 0.63 => 91.39%; Month Support: 0.63 => 91.39%; Day NWE: 4.94 => 32.57%; Week NWE: 1.65 => 77.53%; Month NWE: -4.46 => 160.97%)
EIX,148,0.1076,F,528,45.34,73.44,70,5.5,6.2,11.7,15.93,MODERATE,2.63,LOW,(Stock Name: Edison International; Sector: Utilities; Strength: F - Financials / REITs / Infrastructure ; Intrinsic: 45.34; Revenue: 1942.0cr; Net Profit: 374.0cr; Recommended: hold; Projected High: 86.0; Projected Medium: 77.0; Projected Low: 62.0; All time high: 88.77 => 17.0%; SMA 200: 67.94 => 7.49%; RSI: 51.85; Day Volatility: 2.63; Week Volatility: 7.09; Month Volatility: 12.03; Day Trend: Downtrend; Week Trend: Downtrend; Month Trend: Downtrend; Day Support: 47.73 => 35.01%; Week Support: 47.73 => 35.01%; Month Support: 47.73 => 35.01%; Day NWE: 66.52 => 9.42%; Week NWE: 63.16 => 14.0%; Month NWE: 52.4 => 28.65%)
EIX,148,0.1104,F,528,45.34,73.44,67.5,7.1,4.9,12,16.34,MODERATE,2.63,LOW,(Stock Name: Edison International; Sector: Utilities; Strength: F - Financials / REITs / Infrastructure ; Intrinsic: 45.34; Revenue: 1942.0cr; Net Profit: 374.0cr; Recommended: hold; Projected High: 86.0; Projected Medium: 77.0; Projected Low: 62.0; All time high: 88.77 => 17.0%; SMA 200: 67.94 => 7.49%; RSI: 51.85; Day Volatility: 2.63; Week Volatility: 7.09; Month Volatility: 12.03; Day Trend: Downtrend; Week Trend: Downtrend; Month Trend: Downtrend; Day Support: 47.73 => 35.01%; Week Support: 47.73 => 35.01%; Month Support: 47.73 => 35.01%; Day NWE: 66.52 => 9.42%; Week NWE: 63.16 => 14.0%; Month NWE: 52.4 => 28.65%)
EIX,148,0.115,F,528,45.34,73.44,72.5,4.7,7.8,12.5,17.02,MODERATE,2.63,LOW,(Stock Name: Edison International; Sector: Utilities; Strength: F - Financials / REITs / Infrastructure ; Intrinsic: 45.34; Revenue: 1942.0cr; Net Profit: 374.0cr; Recommended: hold; Projected High: 86.0; Projected Medium: 77.0; Projected Low: 62.0; All time high: 88.77 => 17.0%; SMA 200: 67.94 => 7.49%; RSI: 51.85; Day Volatility: 2.63; Week Volatility: 7.09; Month Volatility: 12.03; Day Trend: Downtrend; Week Trend: Downtrend; Month Trend: Downtrend; Day Support: 47.73 => 35.01%; Week Support: 47.73 => 35.01%; Month Support: 47.73 => 35.01%; Day NWE: 66.52 => 9.42%; Week NWE: 63.16 => 14.0%; Month NWE: 52.4 => 28.65%)
ABTC,148,0.12,S,4525,9.23,7.32,1.5,0.15,1.15,1.2999999999999998,17.76,HIGH-RISK,6.72,HIGH,(Stock Name: American Bitcoin Corp.; Sector: Financial Services; Strength: S - High risk / news-driven / retail hype / biotech-heavy; Intrinsic: 9.23; Revenue: 27.0cr; Net Profit: -19.0cr; Recommended: buy; Projected High: 15.0; Projected Medium: 15.0; Projected Low: 15.0; All time high: 145300.0 => 100.0%; SMA 200: 2.58 => 64.73%; RSI: 63.95; Day Volatility: 6.72; Week Volatility: 25.04; Month Volatility: 32.13; Day Trend: Downtrend; Week Trend: Downtrend; Month Trend: Downtrend; Day Support: 0.63 => 91.39%; Week Support: 0.63 => 91.39%; Month Support: 0.63 => 91.39%; Day NWE: 4.94 => 32.57%; Week NWE: 1.65 => 77.53%; Month NWE: -4.46 => 160.97%)
EIX,148,0.1205,F,528,45.34,73.44,75,3.8,9.3,13.100000000000001,17.84,MODERATE,2.63,LOW,(Stock Name: Edison International; Sector: Utilities; Strength: F - Financials / REITs / Infrastructure ; Intrinsic: 45.34; Revenue: 1942.0cr; Net Profit: 374.0cr; Recommended: hold; Projected High: 86.0; Projected Medium: 77.0; Projected Low: 62.0; All time high: 88.77 => 17.0%; SMA 200: 67.94 => 7.49%; RSI: 51.85; Day Volatility: 2.63; Week Volatility: 7.09; Month Volatility: 12.03; Day Trend: Downtrend; Week Trend: Downtrend; Month Trend: Downtrend; Day Support: 47.73 => 35.01%; Week Support: 47.73 => 35.01%; Month Support: 47.73 => 35.01%; Day NWE: 66.52 => 9.42%; Week NWE: 63.16 => 14.0%; Month NWE: 52.4 => 28.65%)
EIX,148,0.1224,F,528,45.34,73.44,65,9.5,3.8,13.3,18.11,MODERATE,2.63,LOW,(Stock Name: Edison International; Sector: Utilities; Strength: F - Financials / REITs / Infrastructure ; Intrinsic: 45.34; Revenue: 1942.0cr; Net Profit: 374.0cr; Recommended: hold; Projected High: 86.0; Projected Medium: 77.0; Projected Low: 62.0; All time high: 88.77 => 17.0%; SMA 200: 67.94 => 7.49%; RSI: 51.85; Day Volatility: 2.63; Week Volatility: 7.09; Month Volatility: 12.03; Day Trend: Downtrend; Week Trend: Downtrend; Month Trend: Downtrend; Day Support: 47.73 => 35.01%; Week Support: 47.73 => 35.01%; Month Support: 47.73 => 35.01%; Day NWE: 66.52 => 9.42%; Week NWE: 63.16 => 14.0%; Month NWE: 52.4 => 28.65%)
FOX,148,0.1253,F,855,27.71,60.39,55,7,4.2,11.2,18.55,MODERATE,2.55,MEDIUM,(Stock Name: Fox Corporation; Sector: Communication Services; Strength: F - Fundamentals-driven (stable. earnings-based); Intrinsic: 27.71; Revenue: 1713.0cr; Net Profit: 168.0cr; Recommended: none; Projected High: 0; Projected Medium: 0; Projected Low: 0; All time high: 68.18 => 11.0%; SMA 200: 56.85 => 5.86%; RSI: 69.17; Day Volatility: 2.55; Week Volatility: 6.71; Month Volatility: 16.23; Day Trend: Downtrend; Week Trend: Downtrend; Month Trend: Downtrend; Day Support: 0.0 => 100.0%; Week Support: 25.82 => 57.25%; Month Support: 25.82 => 57.25%; Day NWE: 51.0 => 15.54%; Week NWE: 44.94 => 25.59%; Month NWE: 0.0 => 100.0%)
EIX,148,0.1274,F,528,45.34,73.44,62.5,11,2.85,13.85,18.86,MODERATE,2.63,LOW,(Stock Name: Edison International; Sector: Utilities; Strength: F - Financials / REITs / Infrastructure ; Intrinsic: 45.34; Revenue: 1942.0cr; Net Profit: 374.0cr; Recommended: hold; Projected High: 86.0; Projected Medium: 77.0; Projected Low: 62.0; All time high: 88.77 => 17.0%; SMA 200: 67.94 => 7.49%; RSI: 51.85; Day Volatility: 2.63; Week Volatility: 7.09; Month Volatility: 12.03; Day Trend: Downtrend; Week Trend: Downtrend; Month Trend: Downtrend; Day Support: 47.73 => 35.01%; Week Support: 47.73 => 35.01%; Month Support: 47.73 => 35.01%; Day NWE: 66.52 => 9.42%; Week NWE: 63.16 => 14.0%; Month NWE: 52.4 => 28.65%)
UNM,120,0.1293,M,824,68.28,87.64,92.5,7.3,6.3,13.6,15.52,MODERATE,2.71,LOW,(Stock Name: Unum Group; Sector: Financial Services; Strength: M - Fundamental and Momentum Influence ; Intrinsic: 68.28; Revenue: 1335.0cr; Net Profit: 70.0cr; Recommended: buy; Projected High: 122.0; Projected Medium: 99.0; Projected Low: 87.0; All time high: 94.55 => 7.0%; SMA 200: 80.12 => 8.59%; RSI: 44.97; Day Volatility: 2.71; Week Volatility: 6.1; Month Volatility: 9.82; Day Trend: Downtrend; Week Trend: Downtrend; Month Trend: Downtrend; Day Support: 69.02 => 21.25%; Week Support: 69.02 => 21.25%; Month Support: 22.25 => 74.61%; Day NWE: 85.32 => 2.64%; Week NWE: 78.52 => 10.41%; Month NWE: 64.91 => 25.93%)
UNM,120,0.1322,M,824,68.28,87.64,95,6.3,7.6,13.899999999999999,15.86,MODERATE,2.71,LOW,(Stock Name: Unum Group; Sector: Financial Services; Strength: M - Fundamental and Momentum Influence ; Intrinsic: 68.28; Revenue: 1335.0cr; Net Profit: 70.0cr; Recommended: buy; Projected High: 122.0; Projected Medium: 99.0; Projected Low: 87.0; All time high: 94.55 => 7.0%; SMA 200: 80.12 => 8.59%; RSI: 44.97; Day Volatility: 2.71; Week Volatility: 6.1; Month Volatility: 9.82; Day Trend: Downtrend; Week Trend: Downtrend; Month Trend: Downtrend; Day Support: 69.02 => 21.25%; Week Support: 69.02 => 21.25%; Month Support: 22.25 => 74.61%; Day NWE: 85.32 => 2.64%; Week NWE: 78.52 => 10.41%; Month NWE: 64.91 => 25.93%)
UNM,120,0.1322,M,824,68.28,87.64,90,8.8,5.1,13.9,15.86,MODERATE,2.71,LOW,(Stock Name: Unum Group; Sector: Financial Services; Strength: M - Fundamental and Momentum Influence ; Intrinsic: 68.28; Revenue: 1335.0cr; Net Profit: 70.0cr; Recommended: buy; Projected High: 122.0; Projected Medium: 99.0; Projected Low: 87.0; All time high: 94.55 => 7.0%; SMA 200: 80.12 => 8.59%; RSI: 44.97; Day Volatility: 2.71; Week Volatility: 6.1; Month Volatility: 9.82; Day Trend: Downtrend; Week Trend: Downtrend; Month Trend: Downtrend; Day Support: 69.02 => 21.25%; Week Support: 69.02 => 21.25%; Month Support: 22.25 => 74.61%; Day NWE: 85.32 => 2.64%; Week NWE: 78.52 => 10.41%; Month NWE: 64.91 => 25.93%)
UNM,120,0.1378,M,824,68.28,87.64,97.5,5.3,9.2,14.5,16.54,MODERATE,2.71,LOW,(Stock Name: Unum Group; Sector: Financial Services; Strength: M - Fundamental and Momentum Influence ; Intrinsic: 68.28; Revenue: 1335.0cr; Net Profit: 70.0cr; Recommended: buy; Projected High: 122.0; Projected Medium: 99.0; Projected Low: 87.0; All time high: 94.55 => 7.0%; SMA 200: 80.12 => 8.59%; RSI: 44.97; Day Volatility: 2.71; Week Volatility: 6.1; Month Volatility: 9.82; Day Trend: Downtrend; Week Trend: Downtrend; Month Trend: Downtrend; Day Support: 69.02 => 21.25%; Week Support: 69.02 => 21.25%; Month Support: 22.25 => 74.61%; Day NWE: 85.32 => 2.64%; Week NWE: 78.52 => 10.41%; Month NWE: 64.91 => 25.93%)
BATRK,92,0.138,M,1968,8.02,53.56,50,5.4,1.4,6.800000000000001,12.7,HIGH-RISK,2.74,LOW,(Stock Name: Atlanta Braves Holdings. Inc. -; Sector: Communication Services; Strength: M - Fundamental and Momentum Influence ; Intrinsic: 8.02; Revenue: 75.0cr; Net Profit: -6.0cr; Recommended: buy; Projected High: 73.0; Projected Medium: 63.0; Projected Low: 49.0; All time high: 54.46 => 2.0%; SMA 200: 45.14 => 15.73%; RSI: 61.38; Day Volatility: 2.74; Week Volatility: 5.01; Month Volatility: 9.58; Day Trend: Downtrend; Week Trend: Downtrend; Month Trend: Downtrend; Day Support: 37.76 => 29.5%; Week Support: 37.76 => 29.5%; Month Support: 35.46 => 33.79%; Day NWE: 48.89 => 8.72%; Week NWE: 46.33 => 13.5%; Month NWE: 39.17 => 26.87%)
UNM,120,0.1492,M,824,68.28,87.64,87.5,11.6,4.1,15.7,17.91,MODERATE,2.71,LOW,(Stock Name: Unum Group; Sector: Financial Services; Strength: M - Fundamental and Momentum Influence ; Intrinsic: 68.28; Revenue: 1335.0cr; Net Profit: 70.0cr; Recommended: buy; Projected High: 122.0; Projected Medium: 99.0; Projected Low: 87.0; All time high: 94.55 => 7.0%; SMA 200: 80.12 => 8.59%; RSI: 44.97; Day Volatility: 2.71; Week Volatility: 6.1; Month Volatility: 9.82; Day Trend: Downtrend; Week Trend: Downtrend; Month Trend: Downtrend; Day Support: 69.02 => 21.25%; Week Support: 69.02 => 21.25%; Month Support: 22.25 => 74.61%; Day NWE: 85.32 => 2.64%; Week NWE: 78.52 => 10.41%; Month NWE: 64.91 => 25.93%)
CHDN,120,0.1507,M,1307,19.16,91.75,90,8.2,8.4,16.6,18.09,MODERATE,2.82,MEDIUM,(Stock Name: Churchill Downs. Incorporated; Sector: Consumer Cyclical; Strength: M - Fundamental and Momentum Influence ; Intrinsic: 19.16; Revenue: 299.0cr; Net Profit: 41.0cr; Recommended: none; Projected High: 157.0; Projected Medium: 132.0; Projected Low: 100.0; All time high: 150.45 => 39.0%; SMA 200: 94.68 => -3.2%; RSI: 60.9; Day Volatility: 2.82; Week Volatility: 6.93; Month Volatility: 14.96; Day Trend: Downtrend; Week Trend: Downtrend; Month Trend: Downtrend; Day Support: 85.58 => 6.72%; Week Support: 80.24 => 12.54%; Month Support: 85.58 => 6.72%; Day NWE: 80.73 => 12.01%; Week NWE: 70.35 => 23.32%; Month NWE: 70.48 => 23.19%)
CHDN,120,0.1535,M,1307,19.16,91.75,85,11,5.9,16.9,18.42,MODERATE,2.82,MEDIUM,(Stock Name: Churchill Downs. Incorporated; Sector: Consumer Cyclical; Strength: M - Fundamental and Momentum Influence ; Intrinsic: 19.16; Revenue: 299.0cr; Net Profit: 41.0cr; Recommended: none; Projected High: 157.0; Projected Medium: 132.0; Projected Low: 100.0; All time high: 150.45 => 39.0%; SMA 200: 94.68 => -3.2%; RSI: 60.9; Day Volatility: 2.82; Week Volatility: 6.93; Month Volatility: 14.96; Day Trend: Downtrend; Week Trend: Downtrend; Month Trend: Downtrend; Day Support: 85.58 => 6.72%; Week Support: 80.24 => 12.54%; Month Support: 85.58 => 6.72%; Day NWE: 80.73 => 12.01%; Week NWE: 70.35 => 23.32%; Month NWE: 70.48 => 23.19%)
UNM,120,0.1578,M,824,68.28,87.64,85,13.4,3.2,16.6,18.94,MODERATE,2.71,LOW,(Stock Name: Unum Group; Sector: Financial Services; Strength: M - Fundamental and Momentum Influence ; Intrinsic: 68.28; Revenue: 1335.0cr; Net Profit: 70.0cr; Recommended: buy; Projected High: 122.0; Projected Medium: 99.0; Projected Low: 87.0; All time high: 94.55 => 7.0%; SMA 200: 80.12 => 8.59%; RSI: 44.97; Day Volatility: 2.71; Week Volatility: 6.1; Month Volatility: 9.82; Day Trend: Downtrend; Week Trend: Downtrend; Month Trend: Downtrend; Day Support: 69.02 => 21.25%; Week Support: 69.02 => 21.25%; Month Support: 22.25 => 74.61%; Day NWE: 85.32 => 2.64%; Week NWE: 78.52 => 10.41%; Month NWE: 64.91 => 25.93%)
FDP,120,0.1583,M,2564,42.35,29.22,30,2.35,3.2,5.550000000000001,18.990000000000002,HIGH-RISK,3.26,LOW,
BATRK,92,0.1583,M,1968,8.02,53.56,55,3.4,4.4,7.800000000000001,14.56,HIGH-RISK,2.74,LOW,(Stock Name: Atlanta Braves Holdings. Inc. -; Sector: Communication Services; Strength: M - Fundamental and Momentum Influence ; Intrinsic: 8.02; Revenue: 75.0cr; Net Profit: -6.0cr; Recommended: buy; Projected High: 73.0; Projected Medium: 63.0; Projected Low: 49.0; All time high: 54.46 => 2.0%; SMA 200: 45.14 => 15.73%; RSI: 61.38; Day Volatility: 2.74; Week Volatility: 5.01; Month Volatility: 9.58; Day Trend: Downtrend; Week Trend: Downtrend; Month Trend: Downtrend; Day Support: 37.76 => 29.5%; Week Support: 37.76 => 29.5%; Month Support: 35.46 => 33.79%; Day NWE: 48.89 => 8.72%; Week NWE: 46.33 => 13.5%; Month NWE: 39.17 => 26.87%)
ABTC,120,0.1594,S,4525,9.23,7.32,1.5,0.2,1.2,1.4,19.13,HIGH-RISK,6.72,HIGH,(Stock Name: American Bitcoin Corp.; Sector: Financial Services; Strength: S - High risk / news-driven / retail hype / biotech-heavy; Intrinsic: 9.23; Revenue: 27.0cr; Net Profit: -19.0cr; Recommended: buy; Projected High: 15.0; Projected Medium: 15.0; Projected Low: 15.0; All time high: 145300.0 => 100.0%; SMA 200: 2.58 => 64.73%; RSI: 63.95; Day Volatility: 6.72; Week Volatility: 25.04; Month Volatility: 32.13; Day Trend: Downtrend; Week Trend: Downtrend; Month Trend: Downtrend; Day Support: 0.63 => 91.39%; Week Support: 0.63 => 91.39%; Month Support: 0.63 => 91.39%; Day NWE: 4.94 => 32.57%; Week NWE: 1.65 => 77.53%; Month NWE: -4.46 => 160.97%)
TPVG,120,0.1606,M,4339,8.64,5.45,5,0.6,0.45,1.05,19.27,HIGH-RISK,3.44,MEDIUM,(Stock Name: TriplePoint Venture Growth BDC ; Sector: Financial Services; Strength: M - Fundamental and Momentum Influence ; Intrinsic: 8.64; Revenue: 9.0cr; Net Profit: 4.0cr; Recommended: hold; Projected High: 7.0; Projected Medium: 5.5; Projected Low: 5.0; All time high: 19.25 => 72.0%; SMA 200: 5.56 => -1.98%; RSI: 69.5; Day Volatility: 3.44; Week Volatility: 7.47; Month Volatility: 17.09; Day Trend: Downtrend; Week Trend: Downtrend; Month Trend: Downtrend; Day Support: 5.53 => -1.47%; Week Support: 5.53 => -1.47%; Month Support: 2.8 => 48.62%; Day NWE: 4.39 => 19.47%; Week NWE: 3.77 => 30.85%; Month NWE: 2.4 => 56.02%)
HALO,120,0.1617,S,940,1.26,100.01,95,13.5,5.9,19.4,19.400000000000002,MODERATE,4.21,MEDIUM,(Stock Name: Halozyme Therapeutics. Inc.; Sector: Healthcare; Strength: S - Biotech / Pharma (trial-based) ; Intrinsic: 1.26; Revenue: 166.0cr; Net Profit: 41.0cr; Recommended: buy; Projected High: 115.0; Projected Medium: 105.0; Projected Low: 70.0; All time high: 104.78 => 5.0%; SMA 200: 71.09 => 28.93%; RSI: 77.63; Day Volatility: 4.21; Week Volatility: 7.71; Month Volatility: 12.95; Day Trend: Downtrend; Week Trend: Downtrend; Month Trend: Downtrend; Day Support: 0.0 => 100.0%; Week Support: 42.01 => 58.0%; Month Support: 29.85 => 70.15%; Day NWE: 83.72 => 16.29%; Week NWE: 66.9 => 33.11%; Month NWE: 58.5 => 41.51%)
RS,120,0.1618,M,657,144.98,399.31,350,61.3,16.2,77.5,19.41,MODERATE,3.38,LOW,(Stock Name: Reliance. Inc.; Sector: Basic Materials; Strength: M - Fundamental and Momentum Influence ; Intrinsic: 144.98; Revenue: 1581.0cr; Net Profit: 89.0cr; Recommended: none; Projected High: 425.0; Projected Medium: 408.5; Projected Low: 398.0; All time high: 433.02 => 8.0%; SMA 200: 339.8 => 14.9%; RSI: 42.9; Day Volatility: 3.38; Week Volatility: 6.37; Month Volatility: 11.89; Day Trend: Downtrend; Week Trend: Downtrend; Month Trend: Downtrend; Day Support: 260.31 => 34.81%; Week Support: 260.31 => 34.81%; Month Support: 250.07 => 37.37%; Day NWE: 385.94 => 3.35%; Week NWE: 352.02 => 11.84%; Month NWE: 290.36 => 27.28%)
MORN,120,0.1643,F,1152,26.79,213.65,170,21.3,20.8,42.1,19.71,MODERATE,3.58,MEDIUM,(Stock Name: Morningstar. Inc.; Sector: Financial Services; Strength: F - Large Cap / Blue-chip ; Intrinsic: 26.79; Revenue: 257.0cr; Net Profit: 42.0cr; Recommended: buy; Projected High: 260.0; Projected Medium: 230.0; Projected Low: 220.0; All time high: 365.0 => 41.0%; SMA 200: 187.82 => 12.09%; RSI: 72.04; Day Volatility: 3.58; Week Volatility: 7.23; Month Volatility: 18.7; Day Trend: Downtrend; Week Trend: Downtrend; Month Trend: Downtrend; Day Support: 250.34 => -17.17%; Week Support: 250.34 => -17.17%; Month Support: 163.28 => 23.58%; Day NWE: 180.46 => 15.53%; Week NWE: 136.21 => 36.25%; Month NWE: 130.14 => 39.09%)
HALO,120,0.1658,S,940,1.26,100.01,100,10.9,9,19.9,19.900000000000002,MODERATE,4.21,MEDIUM,(Stock Name: Halozyme Therapeutics. Inc.; Sector: Healthcare; Strength: S - Biotech / Pharma (trial-based) ; Intrinsic: 1.26; Revenue: 166.0cr; Net Profit: 41.0cr; Recommended: buy; Projected High: 115.0; Projected Medium: 105.0; Projected Low: 70.0; All time high: 104.78 => 5.0%; SMA 200: 71.09 => 28.93%; RSI: 77.63; Day Volatility: 4.21; Week Volatility: 7.71; Month Volatility: 12.95; Day Trend: Downtrend; Week Trend: Downtrend; Month Trend: Downtrend; Day Support: 0.0 => 100.0%; Week Support: 42.01 => 58.0%; Month Support: 29.85 => 70.15%; Day NWE: 83.72 => 16.29%; Week NWE: 66.9 => 33.11%; Month NWE: 58.5 => 41.51%)
BXC,92,0.1755,M,3214,79.07,83.57,65,8.3,5.2,13.5,16.150000000000002,HIGH-RISK,4.24,HIGH,(Stock Name: Bluelinx Holdings Inc.; Sector: Industrials; Strength: M - Fundamental and Momentum Influence ; Intrinsic: 79.07; Revenue: 301.0cr; Net Profit: 0.0cr; Recommended: buy; Projected High: 98.0; Projected Medium: 84.0; Projected Low: 83.0; All time high: 134.79 => 38.0%; SMA 200: 61.22 => 26.74%; RSI: 62.66; Day Volatility: 4.24; Week Volatility: 14.66; Month Volatility: 22.8; Day Trend: Downtrend; Week Trend: Downtrend; Month Trend: Downtrend; Day Support: 44.78 => 46.42%; Week Support: 44.78 => 46.42%; Month Support: 3.6 => 95.69%; Day NWE: 71.01 => 15.03%; Week NWE: 42.69 => 48.92%; Month NWE: 35.34 => 57.72%)
MTUS,92,0.1861,M,3026,16.4,19.28,20,1.7,1.6,3.3,17.119999999999997,MODERATE,4.17,MEDIUM,(Stock Name: Metallus Inc.; Sector: Basic Materials; Strength: M - Mixed (both fundamentals + momentum/news driven); Intrinsic: 16.4; Revenue: 122.0cr; Net Profit: 1.0cr; Recommended: none; Projected High: 24.0; Projected Medium: 22.5; Projected Low: 21.0; All time high: 50.83 => 62.0%; SMA 200: 18.57 => 3.67%; RSI: 37.1; Day Volatility: 4.17; Week Volatility: 10.39; Month Volatility: 19.42; Day Trend: Downtrend; Week Trend: Downtrend; Month Trend: Downtrend; Day Support: 14.19 => 26.4%; Week Support: 14.19 => 26.4%; Month Support: 10.78 => 44.09%; Day NWE: 19.19 => 0.48%; Week NWE: 16.61 => 13.86%; Month NWE: 12.99 => 32.61%)
EIX,57,0.1935,F,528,45.34,73.44,70,3.8,4.3,8.1,11.03,MODERATE,2.63,LOW,(Stock Name: Edison International; Sector: Utilities; Strength: F - Financials / REITs / Infrastructure ; Intrinsic: 45.34; Revenue: 1942.0cr; Net Profit: 374.0cr; Recommended: hold; Projected High: 86.0; Projected Medium: 77.0; Projected Low: 62.0; All time high: 88.77 => 17.0%; SMA 200: 67.94 => 7.49%; RSI: 51.85; Day Volatility: 2.63; Week Volatility: 7.09; Month Volatility: 12.03; Day Trend: Downtrend; Week Trend: Downtrend; Month Trend: Downtrend; Day Support: 47.73 => 35.01%; Week Support: 47.73 => 35.01%; Month Support: 47.73 => 35.01%; Day NWE: 66.52 => 9.42%; Week NWE: 63.16 => 14.0%; Month NWE: 52.4 => 28.65%)
EIX,57,0.2007,F,528,45.34,73.44,67.5,5.2,3.2,8.4,11.44,MODERATE,2.63,LOW,(Stock Name: Edison International; Sector: Utilities; Strength: F - Financials / REITs / Infrastructure ; Intrinsic: 45.34; Revenue: 1942.0cr; Net Profit: 374.0cr; Recommended: hold; Projected High: 86.0; Projected Medium: 77.0; Projected Low: 62.0; All time high: 88.77 => 17.0%; SMA 200: 67.94 => 7.49%; RSI: 51.85; Day Volatility: 2.63; Week Volatility: 7.09; Month Volatility: 12.03; Day Trend: Downtrend; Week Trend: Downtrend; Month Trend: Downtrend; Day Support: 47.73 => 35.01%; Week Support: 47.73 => 35.01%; Month Support: 47.73 => 35.01%; Day NWE: 66.52 => 9.42%; Week NWE: 63.16 => 14.0%; Month NWE: 52.4 => 28.65%)
EIX,57,0.2042,F,528,45.34,73.44,72.5,2.75,5.8,8.55,11.64,MODERATE,2.63,LOW,(Stock Name: Edison International; Sector: Utilities; Strength: F - Financials / REITs / Infrastructure ; Intrinsic: 45.34; Revenue: 1942.0cr; Net Profit: 374.0cr; Recommended: hold; Projected High: 86.0; Projected Medium: 77.0; Projected Low: 62.0; All time high: 88.77 => 17.0%; SMA 200: 67.94 => 7.49%; RSI: 51.85; Day Volatility: 2.63; Week Volatility: 7.09; Month Volatility: 12.03; Day Trend: Downtrend; Week Trend: Downtrend; Month Trend: Downtrend; Day Support: 47.73 => 35.01%; Week Support: 47.73 => 35.01%; Month Support: 47.73 => 35.01%; Day NWE: 66.52 => 9.42%; Week NWE: 63.16 => 14.0%; Month NWE: 52.4 => 28.65%)
MC,92,0.2077,F,1485,6.83,68.56,65,8.1,5,13.1,19.11,MODERATE,3.99,MEDIUM,(Stock Name: Moelis & Company; Sector: Financial Services; Strength: F - Financials / REITs / Banks ; Intrinsic: 6.83; Revenue: 157.0cr; Net Profit: 23.0cr; Recommended: hold; Projected High: 86.0; Projected Medium: 71.5; Projected Low: 60.0; All time high: 82.89 => 17.0%; SMA 200: 65.83 => 3.98%; RSI: 52.88; Day Volatility: 3.99; Week Volatility: 9.32; Month Volatility: 16.22; Day Trend: Downtrend; Week Trend: Downtrend; Month Trend: Downtrend; Day Support: 51.06 => 25.53%; Week Support: 51.06 => 25.53%; Month Support: 47.0 => 31.45%; Day NWE: 61.37 => 10.49%; Week NWE: 53.41 => 22.1%; Month NWE: 50.23 => 26.73%)
ACIW,92,0.2134,F,1462,14.79,51.97,55,4.1,6.1,10.2,19.63,MODERATE,2.68,MEDIUM,(Stock Name: ACI Worldwide. Inc.; Sector: Technology; Strength: F - Financials / REITs / Industrial Stable; Intrinsic: 14.79; Revenue: 182.0cr; Net Profit: 23.0cr; Recommended: strong_buy; Projected High: 70.0; Projected Medium: 66.0; Projected Low: 66.0; All time high: 61.08 => 15.0%; SMA 200: 45.98 => 11.54%; RSI: 40.71; Day Volatility: 2.68; Week Volatility: 8.48; Month Volatility: 14.85; Day Trend: Downtrend; Week Trend: Downtrend; Month Trend: Downtrend; Day Support: 38.05 => 26.78%; Week Support: 38.05 => 26.78%; Month Support: 19.56 => 62.36%; Day NWE: 48.88 => 5.95%; Week NWE: 44.3 => 14.77%; Month NWE: 36.24 => 30.27%)
FSTR,92,0.2165,F,3665,17.16,36.9,40,2.25,5.1,7.35,19.919999999999998,HIGH-RISK,3.36,MEDIUM,(Stock Name: L.B. Foster Company; Sector: Industrials; Strength: F - Fundamentals-driven (stable. earnings-based); Intrinsic: 17.16; Revenue: 56.0cr; Net Profit: 1.0cr; Recommended: hold; Projected High: 46.0; Projected Medium: 44.0; Projected Low: 42.0; All time high: 57.48 => 36.0%; SMA 200: 33.55 => 9.1%; RSI: 28.99; Day Volatility: 3.36; Week Volatility: 7.81; Month Volatility: 17.04; Day Trend: Downtrend; Week Trend: Downtrend; Month Trend: Downtrend; Day Support: 17.16 => 53.5%; Week Support: 17.16 => 53.5%; Month Support: 14.23 => 61.44%; Day NWE: 34.9 => 5.42%; Week NWE: 33.8 => 8.41%; Month NWE: 24.84 => 32.68%)
HRZN,57,0.2232,F,3830,6.98,5.11,5,0.15,0.5,0.65,12.72,HIGH-RISK,3.47,HIGH,(Stock Name: Horizon Technology Finance Corp; Sector: Financial Services; Strength: F - Financials / REITs / Infra ; Intrinsic: 6.98; Revenue: 10.0cr; Net Profit: 1.0cr; Recommended: hold; Projected High: 6.0; Projected Medium: 5.0; Projected Low: 4.25; All time high: 19.08 => 73.0%; SMA 200: 5.32 => -4.18%; RSI: 71.52; Day Volatility: 3.47; Week Volatility: 6.68; Month Volatility: 19.63; Day Trend: Downtrend; Week Trend: Downtrend; Month Trend: Downtrend; Day Support: 0.0 => 100.0%; Week Support: 10.75 => -110.37%; Month Support: 9.67 => -89.24%; Day NWE: 4.14 => 19.0%; Week NWE: 3.03 => 40.78%; Month NWE: 2.39 => 53.26%)
OPLN,57,0.2242,M,1642,12.78,34.42,35,2.5,1.9,4.4,12.78,MODERATE,3.49,MEDIUM,(Stock Name: OPENLANE. Inc.; Sector: Consumer Cyclical; Strength: M - Fundamental and Momentum Influence ; Intrinsic: 12.78; Revenue: 208.0cr; Net Profit: -6.0cr; Recommended: buy; Projected High: 52.0; Projected Medium: 45.0; Projected Low: 43.0; All time high: 42.9 => 20.0%; SMA 200: 32.13 => 6.66%; RSI: 34.15; Day Volatility: 3.49; Week Volatility: 8.56; Month Volatility: 15.8; Day Trend: Downtrend; Week Trend: Downtrend; Month Trend: Downtrend; Day Support: 17.08 => 50.38%; Week Support: 17.08 => 50.38%; Month Support: 11.15 => 67.61%; Day NWE: 32.81 => 4.67%; Week NWE: 32.26 => 6.27%; Month NWE: 25.61 => 25.6%)
NGVT,57,0.2268,F,2099,1.36,71.16,75,5.1,4.1,9.2,12.93,HIGH-RISK,3.43,MEDIUM,(Stock Name: Ingevity Corporation; Sector: Basic Materials; Strength: F - Industrials / Energy / Utilities ; Intrinsic: 1.36; Revenue: 116.0cr; Net Profit: 3.0cr; Recommended: none; Projected High: 92.0; Projected Medium: 90.0; Projected Low: 85.0; All time high: 120.41 => 41.0%; SMA 200: 67.48 => 5.17%; RSI: 39.7; Day Volatility: 3.43; Week Volatility: 7.75; Month Volatility: 15.19; Day Trend: Downtrend; Week Trend: Downtrend; Month Trend: Downtrend; Day Support: 28.49 => 59.96%; Week Support: 28.49 => 59.96%; Month Support: 28.49 => 59.96%; Day NWE: 69.43 => 2.43%; Week NWE: 61.08 => 14.17%; Month NWE: 44.41 => 37.6%)
EIX,57,0.2365,F,528,45.34,73.44,75,1.9,8,9.9,13.48,MODERATE,2.63,LOW,(Stock Name: Edison International; Sector: Utilities; Strength: F - Financials / REITs / Infrastructure ; Intrinsic: 45.34; Revenue: 1942.0cr; Net Profit: 374.0cr; Recommended: hold; Projected High: 86.0; Projected Medium: 77.0; Projected Low: 62.0; All time high: 88.77 => 17.0%; SMA 200: 67.94 => 7.49%; RSI: 51.85; Day Volatility: 2.63; Week Volatility: 7.09; Month Volatility: 12.03; Day Trend: Downtrend; Week Trend: Downtrend; Month Trend: Downtrend; Day Support: 47.73 => 35.01%; Week Support: 47.73 => 35.01%; Month Support: 47.73 => 35.01%; Day NWE: 66.52 => 9.42%; Week NWE: 63.16 => 14.0%; Month NWE: 52.4 => 28.65%)
RRR,57,0.2405,M,1761,2.95,61.25,64,3.4,5,8.4,13.71,HIGH-RISK,2.8,MEDIUM,(Stock Name: Red Rock Resorts. Inc.; Sector: Consumer Cyclical; Strength: M - Fundamental and Momentum Influence ; Intrinsic: 2.95; Revenue: 200.0cr; Net Profit: 17.0cr; Recommended: strong_buy; Projected High: 78.0; Projected Medium: 74.0; Projected Low: 61.0; All time high: 68.99 => 11.0%; SMA 200: 59.73 => 2.49%; RSI: 43.54; Day Volatility: 2.8; Week Volatility: 6.35; Month Volatility: 13.88; Day Trend: Downtrend; Week Trend: Downtrend; Month Trend: Downtrend; Day Support: 35.09 => 42.71%; Week Support: 35.09 => 42.71%; Month Support: 35.09 => 42.71%; Day NWE: 58.25 => 4.91%; Week NWE: 53.02 => 13.44%; Month NWE: 47.04 => 23.2%)
EDU,57,0.2421,M,1078,25.55,56.88,50,5.5,2.35,7.85,13.8,MODERATE,2.71,MEDIUM,(Stock Name: New Oriental Education & Techno; Sector: Consumer Defensive; Strength: M - Fundamental and Momentum Influence ; Intrinsic: 25.55; Revenue: 566.0cr; Net Profit: 48.0cr; Recommended: buy; Projected High: 90.0; Projected Medium: 73.0; Projected Low: 56.5; All time high: 199.74 => 72.0%; SMA 200: 53.68 => 5.62%; RSI: 60.6; Day Volatility: 2.71; Week Volatility: 8.48; Month Volatility: 16.48; Day Trend: Downtrend; Week Trend: Downtrend; Month Trend: Downtrend; Day Support: 40.66 => 28.52%; Week Support: 40.66 => 28.52%; Month Support: 40.66 => 28.52%; Day NWE: 49.74 => 12.55%; Week NWE: 41.11 => 27.72%; Month NWE: 5.23 => 90.8%)
PK,57,0.2493,M,1877,15.35,15.83,15,1,1.25,2.25,14.21,HIGH-RISK,2.54,MEDIUM,(Stock Name: Park Hotels & Resorts Inc.; Sector: Real Estate; Strength: M - Fundamental and Momentum Influence ; Intrinsic: 15.35; Revenue: 254.0cr; Net Profit: -16.0cr; Recommended: hold; Projected High: 20.0; Projected Medium: 15.0; Projected Low: 11.0; All time high: 34.27 => 54.0%; SMA 200: 11.96 => 24.44%; RSI: 65.98; Day Volatility: 2.54; Week Volatility: 5.95; Month Volatility: 11.05; Day Trend: Downtrend; Week Trend: Downtrend; Month Trend: Downtrend; Day Support: 9.84 => 37.84%; Week Support: 9.84 => 37.84%; Month Support: 8.27 => 47.76%; Day NWE: 13.82 => 12.67%; Week NWE: 12.21 => 22.84%; Month NWE: 8.12 => 48.72%)
EIX,57,0.2521,F,528,45.34,73.44,65,8.3,2.25,10.55,14.37,MODERATE,2.63,LOW,(Stock Name: Edison International; Sector: Utilities; Strength: F - Financials / REITs / Infrastructure ; Intrinsic: 45.34; Revenue: 1942.0cr; Net Profit: 374.0cr; Recommended: hold; Projected High: 86.0; Projected Medium: 77.0; Projected Low: 62.0; All time high: 88.77 => 17.0%; SMA 200: 67.94 => 7.49%; RSI: 51.85; Day Volatility: 2.63; Week Volatility: 7.09; Month Volatility: 12.03; Day Trend: Downtrend; Week Trend: Downtrend; Month Trend: Downtrend; Day Support: 47.73 => 35.01%; Week Support: 47.73 => 35.01%; Month Support: 47.73 => 35.01%; Day NWE: 66.52 => 9.42%; Week NWE: 63.16 => 14.0%; Month NWE: 52.4 => 28.65%)
UFPI,57,0.2523,M,1506,54.52,90.42,90,7.5,5.5,13,14.38,MODERATE,2.78,MEDIUM,(Stock Name: UFP Industries. Inc.; Sector: Basic Materials; Strength: M - Fundamental and Momentum Influence ; Intrinsic: 54.52; Revenue: 623.0cr; Net Profit: 24.0cr; Recommended: none; Projected High: 115.0; Projected Medium: 105.0; Projected Low: 87.0; All time high: 141.33 => 36.0%; SMA 200: 92.5 => -2.3%; RSI: 52.82; Day Volatility: 2.78; Week Volatility: 6.72; Month Volatility: 14.83; Day Trend: Downtrend; Week Trend: Downtrend; Month Trend: Downtrend; Day Support: 0.0 => 100.0%; Week Support: 107.49 => -18.88%; Month Support: 64.13 => 29.08%; Day NWE: 83.05 => 8.15%; Week NWE: 72.85 => 19.43%; Month NWE: 71.87 => 20.51%)
RRR,57,0.2577,M,1761,2.95,61.25,59,6.5,2.5,9,14.69,HIGH-RISK,2.8,MEDIUM,(Stock Name: Red Rock Resorts. Inc.; Sector: Consumer Cyclical; Strength: M - Fundamental and Momentum Influence ; Intrinsic: 2.95; Revenue: 200.0cr; Net Profit: 17.0cr; Recommended: strong_buy; Projected High: 78.0; Projected Medium: 74.0; Projected Low: 61.0; All time high: 68.99 => 11.0%; SMA 200: 59.73 => 2.49%; RSI: 43.54; Day Volatility: 2.8; Week Volatility: 6.35; Month Volatility: 13.88; Day Trend: Downtrend; Week Trend: Downtrend; Month Trend: Downtrend; Day Support: 35.09 => 42.71%; Week Support: 35.09 => 42.71%; Month Support: 35.09 => 42.71%; Day NWE: 58.25 => 4.91%; Week NWE: 53.02 => 13.44%; Month NWE: 47.04 => 23.2%)
RMR,57,0.2684,M,3895,13.12,20.26,20,1.9,1.2,3.0999999999999996,15.299999999999999,MODERATE,2.92,LOW,(Stock Name: The RMR Group Inc.; Sector: Real Estate; Strength: M - Fundamental and Momentum Influence ; Intrinsic: 13.12; Revenue: 22.0cr; Net Profit: 2.0cr; Recommended: buy; Projected High: 21.0; Projected Medium: 20.75; Projected Low: 20.5; All time high: 98.0 => 79.0%; SMA 200: 17.42 => 14.03%; RSI: 57.16; Day Volatility: 2.92; Week Volatility: 5.29; Month Volatility: 12.02; Day Trend: Downtrend; Week Trend: Downtrend; Month Trend: Downtrend; Day Support: 14.27 => 29.57%; Week Support: 14.27 => 29.57%; Month Support: 13.48 => 33.45%; Day NWE: 18.09 => 10.69%; Week NWE: 16.73 => 17.41%; Month NWE: 11.35 => 43.98%)
EIX,57,0.2723,F,528,45.34,73.44,77.5,1.4,10,11.4,15.52,MODERATE,2.63,LOW,(Stock Name: Edison International; Sector: Utilities; Strength: F - Financials / REITs / Infrastructure ; Intrinsic: 45.34; Revenue: 1942.0cr; Net Profit: 374.0cr; Recommended: hold; Projected High: 86.0; Projected Medium: 77.0; Projected Low: 62.0; All time high: 88.77 => 17.0%; SMA 200: 67.94 => 7.49%; RSI: 51.85; Day Volatility: 2.63; Week Volatility: 7.09; Month Volatility: 12.03; Day Trend: Downtrend; Week Trend: Downtrend; Month Trend: Downtrend; Day Support: 47.73 => 35.01%; Week Support: 47.73 => 35.01%; Month Support: 47.73 => 35.01%; Day NWE: 66.52 => 9.42%; Week NWE: 63.16 => 14.0%; Month NWE: 52.4 => 28.65%)
TDW,57,0.2725,M,1549,27.52,94.63,90,8.8,5.9,14.700000000000001,15.53,HIGH-RISK,2.72,HIGH,(Stock Name: Tidewater Inc.; Sector: Energy; Strength: M - Fundamental and Momentum Influence ; Intrinsic: 27.52; Revenue: 135.0cr; Net Profit: 25.0cr; Recommended: hold; Projected High: 117.0; Projected Medium: 94.0; Projected Low: 68.0; All time high: 2050.0 => 95.0%; SMA 200: 70.99 => 24.98%; RSI: 70.6; Day Volatility: 2.72; Week Volatility: 7.65; Month Volatility: 18.15; Day Trend: Downtrend; Week Trend: Downtrend; Month Trend: Downtrend; Day Support: 31.17 => 67.06%; Week Support: 31.17 => 67.06%; Month Support: 31.17 => 67.06%; Day NWE: 77.25 => 18.37%; Week NWE: 59.31 => 37.33%; Month NWE: 45.37 => 52.05%)
FOX,57,0.2789,F,855,27.71,60.39,50,8.6,1,9.6,15.9,MODERATE,2.55,MEDIUM,(Stock Name: Fox Corporation; Sector: Communication Services; Strength: F - Fundamentals-driven (stable. earnings-based); Intrinsic: 27.71; Revenue: 1713.0cr; Net Profit: 168.0cr; Recommended: none; Projected High: 0; Projected Medium: 0; Projected Low: 0; All time high: 68.18 => 11.0%; SMA 200: 56.85 => 5.86%; RSI: 69.17; Day Volatility: 2.55; Week Volatility: 6.71; Month Volatility: 16.23; Day Trend: Downtrend; Week Trend: Downtrend; Month Trend: Downtrend; Day Support: 0.0 => 100.0%; Week Support: 25.82 => 57.25%; Month Support: 25.82 => 57.25%; Day NWE: 51.0 => 15.54%; Week NWE: 44.94 => 25.59%; Month NWE: 0.0 => 100.0%)
ASC,57,0.2795,M,3089,17.14,18.21,17.5,1.4,1.5,2.9,15.93,MODERATE,3.09,MEDIUM,(Stock Name: Ardmore Shipping Corporation; Sector: Industrials; Strength: M - Fundamental and Momentum Influence; Intrinsic: 17.14; Revenue: 37.0cr; Net Profit: 11.0cr; Recommended: none; Projected High: 21.0; Projected Medium: 20.5; Projected Low: 20.0; All time high: 23.44 => 22.0%; SMA 200: 14.86 => 18.37%; RSI: 63.14; Day Volatility: 3.09; Week Volatility: 8.0; Month Volatility: 19.99; Day Trend: Downtrend; Week Trend: Downtrend; Month Trend: Downtrend; Day Support: 8.32 => 54.31%; Week Support: 8.32 => 54.31%; Month Support: 8.32 => 54.31%; Day NWE: 15.29 => 16.03%; Week NWE: 13.37 => 26.59%; Month NWE: 7.67 => 57.87%)
EDU,57,0.2807,M,1078,25.55,56.88,55,4.3,4.8,9.1,16,MODERATE,2.71,MEDIUM,(Stock Name: New Oriental Education & Techno; Sector: Consumer Defensive; Strength: M - Fundamental and Momentum Influence ; Intrinsic: 25.55; Revenue: 566.0cr; Net Profit: 48.0cr; Recommended: buy; Projected High: 90.0; Projected Medium: 73.0; Projected Low: 56.5; All time high: 199.74 => 72.0%; SMA 200: 53.68 => 5.62%; RSI: 60.6; Day Volatility: 2.71; Week Volatility: 8.48; Month Volatility: 16.48; Day Trend: Downtrend; Week Trend: Downtrend; Month Trend: Downtrend; Day Support: 40.66 => 28.52%; Week Support: 40.66 => 28.52%; Month Support: 40.66 => 28.52%; Day NWE: 49.74 => 12.55%; Week NWE: 41.11 => 27.72%; Month NWE: 5.23 => 90.8%)
EIX,57,0.2807,F,528,45.34,73.44,62.5,10.2,1.55,11.75,16,MODERATE,2.63,LOW,(Stock Name: Edison International; Sector: Utilities; Strength: F - Financials / REITs / Infrastructure ; Intrinsic: 45.34; Revenue: 1942.0cr; Net Profit: 374.0cr; Recommended: hold; Projected High: 86.0; Projected Medium: 77.0; Projected Low: 62.0; All time high: 88.77 => 17.0%; SMA 200: 67.94 => 7.49%; RSI: 51.85; Day Volatility: 2.63; Week Volatility: 7.09; Month Volatility: 12.03; Day Trend: Downtrend; Week Trend: Downtrend; Month Trend: Downtrend; Day Support: 47.73 => 35.01%; Week Support: 47.73 => 35.01%; Month Support: 47.73 => 35.01%; Day NWE: 66.52 => 9.42%; Week NWE: 63.16 => 14.0%; Month NWE: 52.4 => 28.65%)
FLS,57,0.2861,F,1032,17.76,77.89,80,6.2,6.5,12.7,16.31,HIGH-RISK,2.63,MEDIUM,(Stock Name: Flowserve Corporation; Sector: Industrials; Strength: F - Fundamentals-driven (stable. earnings-based); Intrinsic: 17.76; Revenue: 463.0cr; Net Profit: 37.0cr; Recommended: none; Projected High: 100.0; Projected Medium: 91.5; Projected Low: 70.0; All time high: 92.41 => 16.0%; SMA 200: 75.4 => 3.2%; RSI: 53.58; Day Volatility: 2.63; Week Volatility: 8.03; Month Volatility: 17.65; Day Trend: Downtrend; Week Trend: Downtrend; Month Trend: Downtrend; Day Support: 37.34 => 52.06%; Week Support: 37.34 => 52.06%; Month Support: 37.34 => 52.06%; Day NWE: 68.22 => 12.42%; Week NWE: 61.84 => 20.61%; Month NWE: 58.27 => 25.19%)
PAX,57,0.2863,M,3052,3.49,11.34,12.5,0.35,1.5,1.85,16.32,MODERATE,2.57,MEDIUM,(Stock Name: Patria Investments Limited; Sector: Financial Services; Strength: M - Fundamental and Momentum Influence ; Intrinsic: 3.49; Revenue: 43.0cr; Net Profit: 7.0cr; Recommended: buy; Projected High: 20.0; Projected Medium: 15.0; Projected Low: 12.0; All time high: 23.28 => 51.0%; SMA 200: 13.12 => -15.75%; RSI: 52.03; Day Volatility: 2.57; Week Volatility: 5.29; Month Volatility: 14.98; Day Trend: Downtrend; Week Trend: Downtrend; Month Trend: Downtrend; Day Support: 9.43 => 16.81%; Week Support: 9.43 => 16.81%; Month Support: 9.43 => 16.81%; Day NWE: 10.47 => 7.66%; Week NWE: 9.08 => 19.86%; Month NWE: 0.0 => 100.0%)
KMT,57,0.2868,F,2127,17.78,30.58,30,2.95,2.05,5,16.35,MODERATE,3.54,HIGH,(Stock Name: Kennametal Inc.; Sector: Industrials; Strength: F - Industrials / Energy / Utilities ; Intrinsic: 17.78; Revenue: 236.0cr; Net Profit: 34.0cr; Recommended: underperform; Projected High: 38.0; Projected Medium: 34.0; Projected Low: 27.0; All time high: 52.52 => 42.0%; SMA 200: 34.01 => -11.22%; RSI: 38.29; Day Volatility: 3.54; Week Volatility: 10.69; Month Volatility: 25.0; Day Trend: Downtrend; Week Trend: Downtrend; Month Trend: Downtrend; Day Support: 17.3 => 43.43%; Week Support: 17.3 => 43.43%; Month Support: 17.3 => 43.43%; Day NWE: 28.34 => 7.32%; Week NWE: 27.76 => 9.21%; Month NWE: 23.22 => 24.06%)
WGO,57,0.2937,F,2903,43.77,32.27,32.5,2.5,2.9,5.4,16.74,HIGH-RISK,3.4,MEDIUM,(Stock Name: Winnebago Industries. Inc.; Sector: Consumer Cyclical; Strength: F - Industrials / Energy / Utilities ; Intrinsic: 43.77; Revenue: 284.0cr; Net Profit: 4.0cr; Recommended: none; Projected High: 73.0; Projected Medium: 35.0; Projected Low: 30.0; All time high: 87.53 => 63.0%; SMA 200: 35.48 => -9.97%; RSI: 54.99; Day Volatility: 3.4; Week Volatility: 7.27; Month Volatility: 19.08; Day Trend: Downtrend; Week Trend: Downtrend; Month Trend: Downtrend; Day Support: 28.0 => 13.22%; Week Support: 28.0 => 13.22%; Month Support: 28.0 => 13.22%; Day NWE: 29.42 => 8.81%; Week NWE: 20.36 => 36.91%; Month NWE: 16.81 => 47.91%)
GH,57,0.2975,M,631,-1.67,163.34,165,12.3,15.4,27.700000000000003,16.96,HIGH-RISK,3.88,HIGH,(Stock Name: Guardant Health. Inc.; Sector: Healthcare; Strength: M - Fundamental and Momentum Influence ; Intrinsic: -1.67; Revenue: 118.0cr; Net Profit: -45.0cr; Recommended: strong_buy; Projected High: 225.0; Projected Medium: 195.0; Projected Low: 105.0; All time high: 181.07 => 10.0%; SMA 200: 113.28 => 30.64%; RSI: 56.55; Day Volatility: 3.88; Week Volatility: 11.16; Month Volatility: 17.21; Day Trend: Downtrend; Week Trend: Downtrend; Month Trend: Downtrend; Day Support: 0.0 => 100.0%; Week Support: 20.14 => 87.67%; Month Support: 15.81 => 90.32%; Day NWE: 141.23 => 13.54%; Week NWE: 118.3 => 27.58%; Month NWE: 0.0 => 100.0%)
TDW,57,0.3021,M,1549,27.52,94.63,85,11.4,4.9,16.3,17.22,HIGH-RISK,2.72,HIGH,(Stock Name: Tidewater Inc.; Sector: Energy; Strength: M - Fundamental and Momentum Influence ; Intrinsic: 27.52; Revenue: 135.0cr; Net Profit: 25.0cr; Recommended: hold; Projected High: 117.0; Projected Medium: 94.0; Projected Low: 68.0; All time high: 2050.0 => 95.0%; SMA 200: 70.99 => 24.98%; RSI: 70.6; Day Volatility: 2.72; Week Volatility: 7.65; Month Volatility: 18.15; Day Trend: Downtrend; Week Trend: Downtrend; Month Trend: Downtrend; Day Support: 31.17 => 67.06%; Week Support: 31.17 => 67.06%; Month Support: 31.17 => 67.06%; Day NWE: 77.25 => 18.37%; Week NWE: 59.31 => 37.33%; Month NWE: 45.37 => 52.05%)
GH,57,0.3072,M,631,-1.67,163.34,170,10.1,18.5,28.6,17.51,HIGH-RISK,3.88,HIGH,(Stock Name: Guardant Health. Inc.; Sector: Healthcare; Strength: M - Fundamental and Momentum Influence ; Intrinsic: -1.67; Revenue: 118.0cr; Net Profit: -45.0cr; Recommended: strong_buy; Projected High: 225.0; Projected Medium: 195.0; Projected Low: 105.0; All time high: 181.07 => 10.0%; SMA 200: 113.28 => 30.64%; RSI: 56.55; Day Volatility: 3.88; Week Volatility: 11.16; Month Volatility: 17.21; Day Trend: Downtrend; Week Trend: Downtrend; Month Trend: Downtrend; Day Support: 0.0 => 100.0%; Week Support: 20.14 => 87.67%; Month Support: 15.81 => 90.32%; Day NWE: 141.23 => 13.54%; Week NWE: 118.3 => 27.58%; Month NWE: 0.0 => 100.0%)
OPLN,57,0.3084,M,1642,12.78,34.42,40,0.85,5.2,6.05,17.580000000000002,MODERATE,3.49,MEDIUM,(Stock Name: OPENLANE. Inc.; Sector: Consumer Cyclical; Strength: M - Fundamental and Momentum Influence ; Intrinsic: 12.78; Revenue: 208.0cr; Net Profit: -6.0cr; Recommended: buy; Projected High: 52.0; Projected Medium: 45.0; Projected Low: 43.0; All time high: 42.9 => 20.0%; SMA 200: 32.13 => 6.66%; RSI: 34.15; Day Volatility: 3.49; Week Volatility: 8.56; Month Volatility: 15.8; Day Trend: Downtrend; Week Trend: Downtrend; Month Trend: Downtrend; Day Support: 17.08 => 50.38%; Week Support: 17.08 => 50.38%; Month Support: 11.15 => 67.61%; Day NWE: 32.81 => 4.67%; Week NWE: 32.26 => 6.27%; Month NWE: 25.61 => 25.6%)
PERI,57,0.3142,M,3680,16.61,9.77,10,0.95,0.8,1.75,17.91,HIGH-RISK,4.6,MEDIUM,(Stock Name: Perion Network Ltd; Sector: Communication Services; Strength: M - Fundamental and Momentum Influence ; Intrinsic: 16.61; Revenue: 44.0cr; Net Profit: -1.0cr; Recommended: buy; Projected High: 14.0; Projected Medium: 13.0; Projected Low: 12.0; All time high: 44.82 => 78.0%; SMA 200: 9.44 => 3.4%; RSI: 57.58; Day Volatility: 4.6; Week Volatility: 7.12; Month Volatility: 18.25; Day Trend: Downtrend; Week Trend: Downtrend; Month Trend: Downtrend; Day Support: 7.0 => 28.35%; Week Support: 7.0 => 28.35%; Month Support: 7.0 => 28.35%; Day NWE: 8.51 => 12.89%; Week NWE: 7.79 => 20.28%; Month NWE: 1.15 => 88.22%)
GH,57,0.3147,M,631,-1.67,163.34,150,21.2,8.1,29.299999999999997,17.94,HIGH-RISK,3.88,HIGH,(Stock Name: Guardant Health. Inc.; Sector: Healthcare; Strength: M - Fundamental and Momentum Influence ; Intrinsic: -1.67; Revenue: 118.0cr; Net Profit: -45.0cr; Recommended: strong_buy; Projected High: 225.0; Projected Medium: 195.0; Projected Low: 105.0; All time high: 181.07 => 10.0%; SMA 200: 113.28 => 30.64%; RSI: 56.55; Day Volatility: 3.88; Week Volatility: 11.16; Month Volatility: 17.21; Day Trend: Downtrend; Week Trend: Downtrend; Month Trend: Downtrend; Day Support: 0.0 => 100.0%; Week Support: 20.14 => 87.67%; Month Support: 15.81 => 90.32%; Day NWE: 141.23 => 13.54%; Week NWE: 118.3 => 27.58%; Month NWE: 0.0 => 100.0%)
EIX,57,0.3189,F,528,45.34,73.44,60,12.3,1.05,13.350000000000001,18.18,MODERATE,2.63,LOW,(Stock Name: Edison International; Sector: Utilities; Strength: F - Financials / REITs / Infrastructure ; Intrinsic: 45.34; Revenue: 1942.0cr; Net Profit: 374.0cr; Recommended: hold; Projected High: 86.0; Projected Medium: 77.0; Projected Low: 62.0; All time high: 88.77 => 17.0%; SMA 200: 67.94 => 7.49%; RSI: 51.85; Day Volatility: 2.63; Week Volatility: 7.09; Month Volatility: 12.03; Day Trend: Downtrend; Week Trend: Downtrend; Month Trend: Downtrend; Day Support: 47.73 => 35.01%; Week Support: 47.73 => 35.01%; Month Support: 47.73 => 35.01%; Day NWE: 66.52 => 9.42%; Week NWE: 63.16 => 14.0%; Month NWE: 52.4 => 28.65%)
LCII,57,0.3193,M,2048,58.89,107.7,105,9.5,10.1,19.6,18.2,HIGH-RISK,2.85,MEDIUM,(Stock Name: LCI Industries; Sector: Consumer Cyclical; Strength: M - Fundamental and Momentum Influence ; Intrinsic: 58.89; Revenue: 403.0cr; Net Profit: 21.0cr; Recommended: buy; Projected High: 175.0; Projected Medium: 122.5; Projected Low: 114.0; All time high: 163.33 => 34.0%; SMA 200: 118.31 => -9.85%; RSI: 55.32; Day Volatility: 2.85; Week Volatility: 6.76; Month Volatility: 16.97; Day Trend: Downtrend; Week Trend: Downtrend; Month Trend: Downtrend; Day Support: 72.31 => 32.86%; Week Support: 72.31 => 32.86%; Month Support: 72.31 => 32.86%; Day NWE: 96.14 => 10.74%; Week NWE: 79.99 => 25.73%; Month NWE: 82.0 => 23.86%)
FET,57,0.3198,M,2908,25.73,80.61,85,6.4,8.3,14.700000000000001,18.23,HIGH-RISK,4.51,HIGH,(Stock Name: Forum Energy Technologies. Inc.; Sector: Energy; Strength: M - Fundamental and Momentum Influence ; Intrinsic: 25.73; Revenue: 83.0cr; Net Profit: 0.0cr; Recommended: strong_buy; Projected High: 78.0; Projected Medium: 78.0; Projected Low: 78.0; All time high: 740.6 => 89.0%; SMA 200: 50.81 => 36.97%; RSI: 68.17; Day Volatility: 4.51; Week Volatility: 11.0; Month Volatility: 18.41; Day Trend: Downtrend; Week Trend: Downtrend; Month Trend: Downtrend; Day Support: 12.78 => 84.15%; Week Support: 12.78 => 84.15%; Month Support: 12.78 => 84.15%; Day NWE: 68.97 => 14.44%; Week NWE: 49.58 => 38.49%; Month NWE: 33.27 => 58.72%)
WGO,57,0.3209,F,2903,43.77,32.27,35,1.3,4.6,5.8999999999999995,18.29,HIGH-RISK,3.4,MEDIUM,(Stock Name: Winnebago Industries. Inc.; Sector: Consumer Cyclical; Strength: F - Industrials / Energy / Utilities ; Intrinsic: 43.77; Revenue: 284.0cr; Net Profit: 4.0cr; Recommended: none; Projected High: 73.0; Projected Medium: 35.0; Projected Low: 30.0; All time high: 87.53 => 63.0%; SMA 200: 35.48 => -9.97%; RSI: 54.99; Day Volatility: 3.4; Week Volatility: 7.27; Month Volatility: 19.08; Day Trend: Downtrend; Week Trend: Downtrend; Month Trend: Downtrend; Day Support: 28.0 => 13.22%; Week Support: 28.0 => 13.22%; Month Support: 28.0 => 13.22%; Day NWE: 29.42 => 8.81%; Week NWE: 20.36 => 36.91%; Month NWE: 16.81 => 47.91%)
UAA,57,0.3211,M,2839,3.33,5.19,5,0.55,0.4,0.9500000000000001,18.3,HIGH-RISK,3.3,HIGH,(Stock Name: Under Armour. Inc.; Sector: Consumer Cyclical; Strength: M - Fundamental and Momentum Influence ; Intrinsic: 3.33; Revenue: 493.0cr; Net Profit: -49.0cr; Recommended: hold; Projected High: 12.0; Projected Medium: 5.75; Projected Low: 4.0; All time high: 52.94 => 90.0%; SMA 200: 5.91 => -13.79%; RSI: 30.94; Day Volatility: 3.3; Week Volatility: 15.57; Month Volatility: 31.44; Day Trend: Downtrend; Week Trend: Downtrend; Month Trend: Downtrend; Day Support: 4.13 => 20.42%; Week Support: 4.13 => 20.42%; Month Support: 6.38 => -22.93%; Day NWE: 4.72 => 9.13%; Week NWE: 4.29 => 17.28%; Month NWE: -0.56 => 110.84%)
QUAD,57,0.3219,M,3715,2.42,9.81,10,0.7,1.1,1.8,18.35,HIGH-RISK,4.66,MEDIUM,(Stock Name: Quad Graphics. Inc; Sector: Industrials; Strength: M - Fundamental and Momentum Influence ; Intrinsic: 2.42; Revenue: 238.0cr; Net Profit: 3.0cr; Recommended: strong_buy; Projected High: 13.5; Projected Medium: 13.0; Projected Low: 13.0; All time high: 49.85 => 80.0%; SMA 200: 7.06 => 28.0%; RSI: 59.07; Day Volatility: 4.66; Week Volatility: 9.01; Month Volatility: 14.85; Day Trend: Downtrend; Week Trend: Downtrend; Month Trend: Downtrend; Day Support: 4.5 => 54.13%; Week Support: 4.5 => 54.13%; Month Support: 2.12 => 78.39%; Day NWE: 9.0 => 8.29%; Week NWE: 7.03 => 28.38%; Month NWE: 2.95 => 69.92%)
TEX,57,0.3286,F,1200,43.35,64.6,60,9.6,2.5,12.1,18.73,MODERATE,3.68,MEDIUM,(Stock Name: Terex Corporation; Sector: Industrials; Strength: F - Industrials / Energy / Utilities ; Intrinsic: 43.35; Revenue: 668.0cr; Net Profit: 15.0cr; Recommended: buy; Projected High: 100.0; Projected Medium: 81.0; Projected Low: 66.5; All time high: 74.69 => 14.0%; SMA 200: 60.11 => 6.95%; RSI: 45.7; Day Volatility: 3.68; Week Volatility: 9.36; Month Volatility: 19.67; Day Trend: Downtrend; Week Trend: Downtrend; Month Trend: Downtrend; Day Support: 41.7 => 35.45%; Week Support: 41.7 => 35.45%; Month Support: 31.53 => 51.19%; Day NWE: 60.05 => 7.05%; Week NWE: 55.8 => 13.62%; Month NWE: 42.15 => 34.75%)
KREF,57,0.3289,F,3469,10.47,7.47,7.5,0.65,0.75,1.4,18.75,HIGH-RISK,2.86,MEDIUM,(Stock Name: KKR Real Estate Finance Trust I; Sector: Real Estate; Strength: F - Financials / REITs / Infra ; Intrinsic: 10.47; Revenue: -7.0cr; Net Profit: -21.0cr; Recommended: buy; Projected High: 9.5; Projected Medium: 7.25; Projected Low: 7.0; All time high: 23.99 => 69.0%; SMA 200: 7.32 => 1.93%; RSI: 51.95; Day Volatility: 2.86; Week Volatility: 6.8; Month Volatility: 15.18; Day Trend: Downtrend; Week Trend: Downtrend; Month Trend: Downtrend; Day Support: 8.28 => -10.92%; Week Support: 8.28 => -10.92%; Month Support: 6.84 => 8.37%; Day NWE: 6.97 => 6.63%; Week NWE: 5.83 => 21.96%; Month NWE: 4.52 => 39.44%)
EIX,57,0.3296,F,528,45.34,73.44,80,1.6,12.2,13.799999999999999,18.790000000000003,MODERATE,2.63,LOW,(Stock Name: Edison International; Sector: Utilities; Strength: F - Financials / REITs / Infrastructure ; Intrinsic: 45.34; Revenue: 1942.0cr; Net Profit: 374.0cr; Recommended: hold; Projected High: 86.0; Projected Medium: 77.0; Projected Low: 62.0; All time high: 88.77 => 17.0%; SMA 200: 67.94 => 7.49%; RSI: 51.85; Day Volatility: 2.63; Week Volatility: 7.09; Month Volatility: 12.03; Day Trend: Downtrend; Week Trend: Downtrend; Month Trend: Downtrend; Day Support: 47.73 => 35.01%; Week Support: 47.73 => 35.01%; Month Support: 47.73 => 35.01%; Day NWE: 66.52 => 9.42%; Week NWE: 63.16 => 14.0%; Month NWE: 52.4 => 28.65%)
EGY,57,0.3325,M,3233,3.62,6.07,6,0.7,0.45,1.15,18.95,HIGH-RISK,2.68,MEDIUM,(Stock Name: VAALCO Energy. Inc.; Sector: Energy; Strength: M - Fundamental and Momentum Influence ; Intrinsic: 3.62; Revenue: 35.0cr; Net Profit: -11.0cr; Recommended: strong_buy; Projected High: 10.5; Projected Medium: 9.9; Projected Low: 9.25; All time high: 10.32 => 41.0%; SMA 200: 5.04 => 16.98%; RSI: 66.99; Day Volatility: 2.68; Week Volatility: 8.2; Month Volatility: 20.12; Day Trend: Downtrend; Week Trend: Downtrend; Month Trend: Downtrend; Day Support: 3.37 => 44.56%; Week Support: 3.37 => 44.56%; Month Support: 3.0 => 50.58%; Day NWE: 4.99 => 17.79%; Week NWE: 4.37 => 28.08%; Month NWE: 3.07 => 49.47%)
LSTR,57,0.3328,M,1319,24.66,185.02,210,17.5,17.6,35.1,18.970000000000002,MODERATE,2.93,MEDIUM,(Stock Name: Landstar System. Inc.; Sector: Industrials; Strength: M - Fundamental and Momentum Influence ; Intrinsic: 24.66; Revenue: 500.0cr; Net Profit: 13.0cr; Recommended: hold; Projected High: 240.0; Projected Medium: 193.0; Projected Low: 145.0; All time high: 228.46 => 19.0%; SMA 200: 168.79 => 8.77%; RSI: 44.99; Day Volatility: 2.93; Week Volatility: 8.35; Month Volatility: 18.18; Day Trend: Downtrend; Week Trend: Downtrend; Month Trend: Downtrend; Day Support: 119.32 => 35.51%; Week Support: 119.32 => 35.51%; Month Support: 119.32 => 35.51%; Day NWE: 162.0 => 12.44%; Week NWE: 169.7 => 8.28%; Month NWE: 133.58 => 27.8%)
GH,57,0.333,M,631,-1.67,163.34,145,24.4,6.6,31,18.98,HIGH-RISK,3.88,HIGH,(Stock Name: Guardant Health. Inc.; Sector: Healthcare; Strength: M - Fundamental and Momentum Influence ; Intrinsic: -1.67; Revenue: 118.0cr; Net Profit: -45.0cr; Recommended: strong_buy; Projected High: 225.0; Projected Medium: 195.0; Projected Low: 105.0; All time high: 181.07 => 10.0%; SMA 200: 113.28 => 30.64%; RSI: 56.55; Day Volatility: 3.88; Week Volatility: 11.16; Month Volatility: 17.21; Day Trend: Downtrend; Week Trend: Downtrend; Month Trend: Downtrend; Day Support: 0.0 => 100.0%; Week Support: 20.14 => 87.67%; Month Support: 15.81 => 90.32%; Day NWE: 141.23 => 13.54%; Week NWE: 118.3 => 27.58%; Month NWE: 0.0 => 100.0%)
IRS,57,0.3333,M,2663,16.86,14.74,15,1.2,1.6,2.8,19,MODERATE,2.98,MEDIUM,(Stock Name: IRSA Inversiones Y Representaci; Sector: Real Estate; Strength: M - Mixed (both fundamentals + momentum/news driven); Intrinsic: 16.86; Revenue: 52185.0cr; Net Profit: 37840.0cr; Recommended: buy; Projected High: 23.0; Projected Medium: 21.0; Projected Low: 20.0; All time high: 33.5 => 56.0%; SMA 200: 15.45 => -4.85%; RSI: 45.35; Day Volatility: 2.98; Week Volatility: 6.26; Month Volatility: 17.1; Day Trend: Downtrend; Week Trend: Downtrend; Month Trend: Downtrend; Day Support: 10.87 => 26.26%; Week Support: 10.87 => 26.26%; Month Support: 3.48 => 76.36%; Day NWE: 13.26 => 10.01%; Week NWE: 12.21 => 17.14%; Month NWE: 9.88 => 32.99%)
FET,57,0.3374,M,2908,25.73,80.61,80,9.5,6,15.5,19.23,HIGH-RISK,4.51,HIGH,(Stock Name: Forum Energy Technologies. Inc.; Sector: Energy; Strength: M - Fundamental and Momentum Influence ; Intrinsic: 25.73; Revenue: 83.0cr; Net Profit: 0.0cr; Recommended: strong_buy; Projected High: 78.0; Projected Medium: 78.0; Projected Low: 78.0; All time high: 740.6 => 89.0%; SMA 200: 50.81 => 36.97%; RSI: 68.17; Day Volatility: 4.51; Week Volatility: 11.0; Month Volatility: 18.41; Day Trend: Downtrend; Week Trend: Downtrend; Month Trend: Downtrend; Day Support: 12.78 => 84.15%; Week Support: 12.78 => 84.15%; Month Support: 12.78 => 84.15%; Day NWE: 68.97 => 14.44%; Week NWE: 49.58 => 38.49%; Month NWE: 33.27 => 58.72%)
FLS,57,0.3379,F,1032,17.76,77.89,75,10.5,4.5,15,19.259999999999998,HIGH-RISK,2.63,MEDIUM,(Stock Name: Flowserve Corporation; Sector: Industrials; Strength: F - Fundamentals-driven (stable. earnings-based); Intrinsic: 17.76; Revenue: 463.0cr; Net Profit: 37.0cr; Recommended: none; Projected High: 100.0; Projected Medium: 91.5; Projected Low: 70.0; All time high: 92.41 => 16.0%; SMA 200: 75.4 => 3.2%; RSI: 53.58; Day Volatility: 2.63; Week Volatility: 8.03; Month Volatility: 17.65; Day Trend: Downtrend; Week Trend: Downtrend; Month Trend: Downtrend; Day Support: 37.34 => 52.06%; Week Support: 37.34 => 52.06%; Month Support: 37.34 => 52.06%; Day NWE: 68.22 => 12.42%; Week NWE: 61.84 => 20.61%; Month NWE: 58.27 => 25.19%)
TDW,57,0.3393,M,1549,27.52,94.63,80,14.9,3.4,18.3,19.34,HIGH-RISK,2.72,HIGH,(Stock Name: Tidewater Inc.; Sector: Energy; Strength: M - Fundamental and Momentum Influence ; Intrinsic: 27.52; Revenue: 135.0cr; Net Profit: 25.0cr; Recommended: hold; Projected High: 117.0; Projected Medium: 94.0; Projected Low: 68.0; All time high: 2050.0 => 95.0%; SMA 200: 70.99 => 24.98%; RSI: 70.6; Day Volatility: 2.72; Week Volatility: 7.65; Month Volatility: 18.15; Day Trend: Downtrend; Week Trend: Downtrend; Month Trend: Downtrend; Day Support: 31.17 => 67.06%; Week Support: 31.17 => 67.06%; Month Support: 31.17 => 67.06%; Day NWE: 77.25 => 18.37%; Week NWE: 59.31 => 37.33%; Month NWE: 45.37 => 52.05%)
RMR,57,0.3421,M,3895,13.12,20.26,17.5,3.5,0.45,3.95,19.5,MODERATE,2.92,LOW,(Stock Name: The RMR Group Inc.; Sector: Real Estate; Strength: M - Fundamental and Momentum Influence ; Intrinsic: 13.12; Revenue: 22.0cr; Net Profit: 2.0cr; Recommended: buy; Projected High: 21.0; Projected Medium: 20.75; Projected Low: 20.5; All time high: 98.0 => 79.0%; SMA 200: 17.42 => 14.03%; RSI: 57.16; Day Volatility: 2.92; Week Volatility: 5.29; Month Volatility: 12.02; Day Trend: Downtrend; Week Trend: Downtrend; Month Trend: Downtrend; Day Support: 14.27 => 29.57%; Week Support: 14.27 => 29.57%; Month Support: 13.48 => 33.45%; Day NWE: 18.09 => 10.69%; Week NWE: 16.73 => 17.41%; Month NWE: 11.35 => 43.98%)
PZZA,57,0.3479,M,3066,-13.76,23.2,22.5,2.6,2,4.6,19.830000000000002,HIGH-RISK,3.18,HIGH,(Stock Name: Papa John's International. Inc.; Sector: Consumer Cyclical; Strength: M - Fundamental and Momentum Influence ; Intrinsic: -13.76; Revenue: 197.0cr; Net Profit: 3.0cr; Recommended: hold; Projected High: 43.0; Projected Medium: 27.0; Projected Low: 24.0; All time high: 140.68 => 84.0%; SMA 200: 35.09 => -51.24%; RSI: 24.11; Day Volatility: 3.18; Week Volatility: 13.18; Month Volatility: 31.49; Day Trend: Downtrend; Week Trend: Downtrend; Month Trend: Downtrend; Day Support: 29.55 => -27.37%; Week Support: 29.55 => -27.37%; Month Support: 30.16 => -30.0%; Day NWE: 20.51 => 11.6%; Week NWE: 20.4 => 12.07%; Month NWE: 9.6 => 58.62%)
TEX,57,0.3504,F,1200,43.35,64.6,65,8.4,4.5,12.9,19.97,MODERATE,3.68,MEDIUM,(Stock Name: Terex Corporation; Sector: Industrials; Strength: F - Industrials / Energy / Utilities ; Intrinsic: 43.35; Revenue: 668.0cr; Net Profit: 15.0cr; Recommended: buy; Projected High: 100.0; Projected Medium: 81.0; Projected Low: 66.5; All time high: 74.69 => 14.0%; SMA 200: 60.11 => 6.95%; RSI: 45.7; Day Volatility: 3.68; Week Volatility: 9.36; Month Volatility: 19.67; Day Trend: Downtrend; Week Trend: Downtrend; Month Trend: Downtrend; Day Support: 41.7 => 35.45%; Week Support: 41.7 => 35.45%; Month Support: 31.53 => 51.19%; Day NWE: 60.05 => 7.05%; Week NWE: 55.8 => 13.62%; Month NWE: 42.15 => 34.75%)
ANET,36,0.4722,F,72,11.73,186.45,200,20.7,11,31.7,17,MODERATE,4.06,HIGH,(Stock Name: Arista Networks. Inc.; Sector: Technology; Strength: F - Mega / Large Cap / Stable; Intrinsic: 11.73; Revenue: 1054.0cr; Net Profit: 404.0cr; Recommended: strong_buy; Projected High: 289.0; Projected Medium: 248.0; Projected Low: 185.0; All time high: 214.89 => 13.0%; SMA 200: 148.78 => 20.2%; RSI: 50.23; Day Volatility: 4.06; Week Volatility: 13.97; Month Volatility: 20.03; Day Trend: Downtrend; Week Trend: Downtrend; Month Trend: Downtrend; Day Support: 59.43 => 68.13%; Week Support: 59.43 => 68.13%; Month Support: 59.43 => 68.13%; Day NWE: 165.51 => 11.23%; Week NWE: 140.21 => 24.8%; Month NWE: 106.15 => 43.07%)
ANET,36,0.5058,F,72,11.73,186.45,190,26.8,7.15,33.95,18.21,MODERATE,4.06,HIGH,(Stock Name: Arista Networks. Inc.; Sector: Technology; Strength: F - Mega / Large Cap / Stable; Intrinsic: 11.73; Revenue: 1054.0cr; Net Profit: 404.0cr; Recommended: strong_buy; Projected High: 289.0; Projected Medium: 248.0; Projected Low: 185.0; All time high: 214.89 => 13.0%; SMA 200: 148.78 => 20.2%; RSI: 50.23; Day Volatility: 4.06; Week Volatility: 13.97; Month Volatility: 20.03; Day Trend: Downtrend; Week Trend: Downtrend; Month Trend: Downtrend; Day Support: 59.43 => 68.13%; Week Support: 59.43 => 68.13%; Month Support: 59.43 => 68.13%; Day NWE: 165.51 => 11.23%; Week NWE: 140.21 => 24.8%; Month NWE: 106.15 => 43.07%)
ANET,36,0.5364,F,72,11.73,186.45,185,30.45,5.55,36,19.31,MODERATE,4.06,HIGH,(Stock Name: Arista Networks. Inc.; Sector: Technology; Strength: F - Mega / Large Cap / Stable; Intrinsic: 11.73; Revenue: 1054.0cr; Net Profit: 404.0cr; Recommended: strong_buy; Projected High: 289.0; Projected Medium: 248.0; Projected Low: 185.0; All time high: 214.89 => 13.0%; SMA 200: 148.78 => 20.2%; RSI: 50.23; Day Volatility: 4.06; Week Volatility: 13.97; Month Volatility: 20.03; Day Trend: Downtrend; Week Trend: Downtrend; Month Trend: Downtrend; Day Support: 59.43 => 68.13%; Week Support: 59.43 => 68.13%; Month Support: 59.43 => 68.13%; Day NWE: 165.51 => 11.23%; Week NWE: 140.21 => 24.8%; Month NWE: 106.15 => 43.07%)

[High Risk and High Returns Options List]
Symbol,days,burn_ratio,Strength,Rank,Intrinsic,ltp,strike,Call Premium,Put Premium,Total Premium,Total %,Risk,Volatility%,IV,Details
ABTC,519,0.0197,S,4525,9.23,7.32,0.5,0.4,0.35,0.75,10.25,HIGH-RISK,6.72,HIGH,(Stock Name: American Bitcoin Corp.; Sector: Financial Services; Strength: S - High risk / news-driven / retail hype / biotech-heavy; Intrinsic: 9.23; Revenue: 27.0cr; Net Profit: -19.0cr; Recommended: buy; Projected High: 15.0; Projected Medium: 15.0; Projected Low: 15.0; All time high: 145300.0 => 100.0%; SMA 200: 2.58 => 64.73%; RSI: 63.95; Day Volatility: 6.72; Week Volatility: 25.04; Month Volatility: 32.13; Day Trend: Downtrend; Week Trend: Downtrend; Month Trend: Downtrend; Day Support: 0.63 => 91.39%; Week Support: 0.63 => 91.39%; Month Support: 0.63 => 91.39%; Day NWE: 4.94 => 32.57%; Week NWE: 1.65 => 77.53%; Month NWE: -4.46 => 160.97%)
MVIS,519,0.0285,S,4986,0.88,3.72,0.5,0.15,0.4,0.55,14.78,HIGH-RISK,13.56,HIGH,(Stock Name: Microvision. Inc.; Sector: Technology; Strength: S - Biotech / Pharma (trial-driven) ; Intrinsic: 0.88; Revenue: 0.0cr; Net Profit: -11.0cr; Recommended: none; Projected High: 0; Projected Medium: 0; Projected Low: 0; All time high: 442.8 => 99.0%; SMA 200: 10.3 => -176.84%; RSI: 41.1; Day Volatility: 13.56; Week Volatility: 38.44; Month Volatility: 95.35; Day Trend: Downtrend; Week Trend: Downtrend; Month Trend: Downtrend; Day Support: 0.0 => 100.0%; Week Support: 12.0 => -222.58%; Month Support: 12.0 => -222.58%; Day NWE: 1.79 => 51.77%; Week NWE: 0.09 => 97.66%; Month NWE: -47.45 => 1375.47%)
ABTC,148,0.0507,S,4525,9.23,7.32,0.5,0.3,0.25,0.55,7.51,HIGH-RISK,6.72,HIGH,(Stock Name: American Bitcoin Corp.; Sector: Financial Services; Strength: S - High risk / news-driven / retail hype / biotech-heavy; Intrinsic: 9.23; Revenue: 27.0cr; Net Profit: -19.0cr; Recommended: buy; Projected High: 15.0; Projected Medium: 15.0; Projected Low: 15.0; All time high: 145300.0 => 100.0%; SMA 200: 2.58 => 64.73%; RSI: 63.95; Day Volatility: 6.72; Week Volatility: 25.04; Month Volatility: 32.13; Day Trend: Downtrend; Week Trend: Downtrend; Month Trend: Downtrend; Day Support: 0.63 => 91.39%; Week Support: 0.63 => 91.39%; Month Support: 0.63 => 91.39%; Day NWE: 4.94 => 32.57%; Week NWE: 1.65 => 77.53%; Month NWE: -4.46 => 160.97%)
ABTC,120,0.0626,S,4525,9.23,7.32,0.5,0.3,0.25,0.55,7.51,HIGH-RISK,6.72,HIGH,(Stock Name: American Bitcoin Corp.; Sector: Financial Services; Strength: S - High risk / news-driven / retail hype / biotech-heavy; Intrinsic: 9.23; Revenue: 27.0cr; Net Profit: -19.0cr; Recommended: buy; Projected High: 15.0; Projected Medium: 15.0; Projected Low: 15.0; All time high: 145300.0 => 100.0%; SMA 200: 2.58 => 64.73%; RSI: 63.95; Day Volatility: 6.72; Week Volatility: 25.04; Month Volatility: 32.13; Day Trend: Downtrend; Week Trend: Downtrend; Month Trend: Downtrend; Day Support: 0.63 => 91.39%; Week Support: 0.63 => 91.39%; Month Support: 0.63 => 91.39%; Day NWE: 4.94 => 32.57%; Week NWE: 1.65 => 77.53%; Month NWE: -4.46 => 160.97%)
ABTC,120,0.0854,S,4525,9.23,7.32,1,0.15,0.6,0.75,10.25,HIGH-RISK,6.72,HIGH,(Stock Name: American Bitcoin Corp.; Sector: Financial Services; Strength: S - High risk / news-driven / retail hype / biotech-heavy; Intrinsic: 9.23; Revenue: 27.0cr; Net Profit: -19.0cr; Recommended: buy; Projected High: 15.0; Projected Medium: 15.0; Projected Low: 15.0; All time high: 145300.0 => 100.0%; SMA 200: 2.58 => 64.73%; RSI: 63.95; Day Volatility: 6.72; Week Volatility: 25.04; Month Volatility: 32.13; Day Trend: Downtrend; Week Trend: Downtrend; Month Trend: Downtrend; Day Support: 0.63 => 91.39%; Week Support: 0.63 => 91.39%; Month Support: 0.63 => 91.39%; Day NWE: 4.94 => 32.57%; Week NWE: 1.65 => 77.53%; Month NWE: -4.46 => 160.97%)
ABTC,148,0.0877,S,4525,9.23,7.32,1,0.2,0.75,0.95,12.98,HIGH-RISK,6.72,HIGH,(Stock Name: American Bitcoin Corp.; Sector: Financial Services; Strength: S - High risk / news-driven / retail hype / biotech-heavy; Intrinsic: 9.23; Revenue: 27.0cr; Net Profit: -19.0cr; Recommended: buy; Projected High: 15.0; Projected Medium: 15.0; Projected Low: 15.0; All time high: 145300.0 => 100.0%; SMA 200: 2.58 => 64.73%; RSI: 63.95; Day Volatility: 6.72; Week Volatility: 25.04; Month Volatility: 32.13; Day Trend: Downtrend; Week Trend: Downtrend; Month Trend: Downtrend; Day Support: 0.63 => 91.39%; Week Support: 0.63 => 91.39%; Month Support: 0.63 => 91.39%; Day NWE: 4.94 => 32.57%; Week NWE: 1.65 => 77.53%; Month NWE: -4.46 => 160.97%)
ABTC,148,0.12,S,4525,9.23,7.32,1.5,0.15,1.15,1.2999999999999998,17.76,HIGH-RISK,6.72,HIGH,(Stock Name: American Bitcoin Corp.; Sector: Financial Services; Strength: S - High risk / news-driven / retail hype / biotech-heavy; Intrinsic: 9.23; Revenue: 27.0cr; Net Profit: -19.0cr; Recommended: buy; Projected High: 15.0; Projected Medium: 15.0; Projected Low: 15.0; All time high: 145300.0 => 100.0%; SMA 200: 2.58 => 64.73%; RSI: 63.95; Day Volatility: 6.72; Week Volatility: 25.04; Month Volatility: 32.13; Day Trend: Downtrend; Week Trend: Downtrend; Month Trend: Downtrend; Day Support: 0.63 => 91.39%; Week Support: 0.63 => 91.39%; Month Support: 0.63 => 91.39%; Day NWE: 4.94 => 32.57%; Week NWE: 1.65 => 77.53%; Month NWE: -4.46 => 160.97%)
ABTC,120,0.1594,S,4525,9.23,7.32,1.5,0.2,1.2,1.4,19.13,HIGH-RISK,6.72,HIGH,(Stock Name: American Bitcoin Corp.; Sector: Financial Services; Strength: S - High risk / news-driven / retail hype / biotech-heavy; Intrinsic: 9.23; Revenue: 27.0cr; Net Profit: -19.0cr; Recommended: buy; Projected High: 15.0; Projected Medium: 15.0; Projected Low: 15.0; All time high: 145300.0 => 100.0%; SMA 200: 2.58 => 64.73%; RSI: 63.95; Day Volatility: 6.72; Week Volatility: 25.04; Month Volatility: 32.13; Day Trend: Downtrend; Week Trend: Downtrend; Month Trend: Downtrend; Day Support: 0.63 => 91.39%; Week Support: 0.63 => 91.39%; Month Support: 0.63 => 91.39%; Day NWE: 4.94 => 32.57%; Week NWE: 1.65 => 77.53%; Month NWE: -4.46 => 160.97%)
